Player,PTS,AST,TRB,STL,BLK,FG%,3P%,GmSc
A.J. Green,-0.15238899520285637,-0.3988112027085964,-0.4994059725692334,-0.2533016042457255,-0.6705114892405233,0.231839330712384,1.1559536677570978,-0.3026032577086295
A.J. Lawson,-0.8709052436549907,-1.0802468613796867,-1.0912980261718457,-1.437127389512975,-0.9373338725058984,1.9941489876544174,1.9082585756654489,-0.950241899250431
AJ Johnson,-0.9156277056214044,-0.42585230027490945,-0.9926493505714103,-1.195977692514091,-0.9373338725058984,-0.9938156720349045,-0.48623042520025234,-0.9945854765528208
Aaron Gordon,0.5317537907461667,0.5616885828468454,0.4805042050617581,-0.4242986621176615,-0.3111906797764848,0.8511562475130862,1.1970953424083355,0.6684515811740503
Aaron Holiday,-0.6554242905440882,-0.44072490393638175,-1.0145712784826182,-0.6533908742666015,-0.6764408755353094,-0.36146806832073974,0.2979647225832648,-0.725975531284321
Aaron Nesmith,-0.07321914930859352,-0.402056134416554,-0.07192837830068,-0.13491902571900052,-0.3111906797764848,0.6132925032809152,1.1420220953884248,-0.11505355709300447
Aaron Wiggins,0.21032604270948188,-0.24038218402596193,0.02091743402914156,0.1374382791267981,-0.3848545848034746,0.5908880710510783,0.7587630029557435,0.20529955633537675
Adam Flagler,-1.0885260274819895,-1.0802468613796867,-1.221098915119787,-0.8659833703050915,-0.8137529792040404,-1.2683876578581603,-0.2116203445220228,-1.292355414881029
Adama Sanogo,-0.9806785593907335,-0.9463934284264369,-0.7953519993705396,-1.437127389512975,-0.9373338725058984,0.7712164280229319,-1.683474925633103,-0.9364800993979651
Adem Bona,-0.8343141384097431,-0.9166482211034924,-0.26922572950155077,-1.015115419764928,0.8236938570455775,1.0089579401152104,-1.683474925633103,-0.7565573087342452
Ajay Mitchell,-0.3324932664749191,-0.17769228489491604,-0.6093287825240042,0.051110740537281624,-0.7360735605571584,0.37539383558020306,0.7316066806400434,-0.3511448790064181
Al Horford,-0.12444669665194008,-0.049575427639662537,0.6843781346359912,-0.13491902571900052,1.0584975543191075,-0.010030294104468419,0.6367849162057617,0.044736230082848896
Alec Burks,-0.4346266811155003,-0.5036474578887642,-0.5677012095233809,-0.1850039627879996,-0.4857883008260328,-0.1080087567011697,0.7696790557538078,-0.38883103860240154
Alex Caruso,-0.46132093655496126,0.21510894139369938,-0.29256197534251394,2.4834999423398516,0.1988130497853764,-0.3011931657884578,0.2041548228558006,-0.18742385366482467
Alex Ducas,-1.0482313690742675,-1.0390611897017639,-0.9926493505714103,-1.2701775992829782,-0.9373338725058984,-1.1090899824264937,-0.025751771187617328,-1.1093847642109975
Alex Len,-1.0619921266023946,-0.6340687515355203,-0.6857423598145003,-0.9548279955152068,0.2366846138617522,-0.33172491428006073,-1.483934175560961,-0.9094661959838655
Alex Reese,-0.9806785593907335,-1.0802468613796867,-0.9926493505714103,-1.437127389512975,-0.9373338725058984,4.438180624818991,-1.683474925633103,-0.8539093002831702
Alex Sarr,0.40442864403912615,0.0950515743073856,1.2305549483262066,-0.007874307300076062,2.72789457273945,-0.022278848903278702,0.3997305051200574,0.3428078641231273
Alondes Williams,-0.5415852964477624,-0.5448331295666872,-1.3872440529731518,-1.437127389512975,-0.9373338725058984,4.438180624818991,5.499992076964,-0.3584845055944001
Alperen Sengun,1.4740618724904473,1.5968217976853112,2.7390891207136314,1.2292992601604016,1.2094427882806624,0.6239092377173532,-0.34940248229364074,1.80460830169223
Alperen Şengün,1.6876574231088592,1.6791931410411576,2.9229442347997177,1.5679688346269662,-0.03424272914616713,0.7249562643095048,0.2505354212199634,1.9690240027867454
Amen Thompson,0.7452019046767774,0.6263844087742494,1.7695135662407806,1.682746815410089,1.8998774695492573,1.070226800236677,-0.7508214597959123,1.2237402052210473
Amir Coffey,0.2195096926533871,-0.4805834817491272,-0.4323248731609374,-0.17832597117879972,-0.6086086963229562,0.48416647069773633,1.0636265255000814,0.04776382605039149
Andre Drummond,-0.26399760148381535,-0.7479210968061009,1.579019571977871,0.9577385668897368,-0.04669915870974972,0.7823437676545887,-1.4357691669228578,-0.14778660440492314
Andre Jackson,-0.7513742998538486,-0.2771262636601874,-0.1376941620343037,-0.06257411661933529,-0.38945857886766144,-0.3256947953786628,0.20003012244785762,-0.8392300471072066
Andre Jackson Jr.,-0.6340259833831248,-0.31939576880331894,-0.03731480791456239,-0.29483935109720794,-0.1958485126947507,1.2008302333949334,0.2069111276819243,-0.4029085612585002
Andrew Nembhard,0.31507704988215157,1.6440641857864582,-0.02937404764951177,1.307723573386089,-0.6610942286546866,0.7955909547428117,0.5174125968978978,0.49042965785378667
Andrew Wiggins,1.2964795251739767,0.17735283427410306,0.42055028128598965,0.5818003062916367,0.8646479902909607,0.2824015727663038,0.9211165636108842,1.1256562660916831
Anfernee Simons,1.425186610484295,1.5856673449392071,-0.30210862136836264,0.3714953379786564,-0.6927466878459712,0.13056722480768695,0.7897329011360582,1.0513354348471
Anthony Black,0.03192427147775076,0.7445305511258424,-0.37257196108295926,0.7775126849665737,0.2606441748080308,-0.00468326161750804,-0.21555543385749484,-0.11133381436644216
Anthony Davis,2.4937340053246797,0.7172135239925262,3.29152170407607,1.3533191043312565,4.094173926212604,0.8957185933712933,-0.01314781260064303,2.9452212240673985
Anthony Edwards,2.710000761816199,1.3448623944791938,0.8952155001349609,1.0311106856520749,0.6740640499595044,0.3593660178416017,1.2641410344325752,2.152459315852896
Anthony Gill,-1.0050726295542318,-0.9761386357493813,-1.0693760982606377,-1.0754028440146488,-0.806887374020604,-0.7564816004089376,-0.685771175272394,-1.0404581427277069
Antonio Reeves,-0.6440403911344557,-0.7322279357012371,-1.0321088208115845,-0.7860232076159879,-0.9373338725058984,-0.10518801501132627,-0.007572073927198542,-0.7630814212568955
Ariel Hukporti,-1.0114921217025208,-0.8548095006163186,-0.6603590748646806,-1.437127389512975,0.545636847116397,-0.7341688738196611,-1.683474925633103,-0.9823527655728512
Armel Traoré,-1.0457294131600625,-1.020756446733798,-0.729586215636916,-0.4725286015174384,-0.4155478785647204,-0.2881287843848185,-1.683474925633103,-1.1495331489657696
Ausar Thompson,-0.019552194948897008,-0.08080789532875418,0.5725763022888312,1.963083338171292,0.08014881567939881,0.9284069599255894,-0.845643224230194,0.13082393360438527
Austin Reaves,1.4409873150220158,2.1809095051176746,0.298751493652471,1.0291763297937953,-0.5104180592812982,0.4055200894879069,0.9608572343911083,1.462660341548579
Ayo Dosunmu,0.5436533371673852,1.413997596578433,0.017898058018415597,0.4156080874296717,0.09351162771935578,0.7357989201709504,0.7988509400448428,0.6896499742259249
Bam Adebayo,1.1281639143353719,1.334578337205475,2.542597064823785,1.3090263028416655,0.9315118813038311,0.5062969738054207,0.1219209138971693,1.4341069472968642
Baylor Scheierman,-1.1270429803717237,-0.8422852027961314,-0.8172739272817475,-0.9548279955152068,-0.9373338725058984,-2.080866836151781,-1.2843934254888194,-1.18419249674235
Ben Sheppard,-0.4277463023514367,-0.3961070929519651,-0.37883536905759024,-0.11080405601911196,-0.2851013800794258,0.029471059104351213,0.6100464556960946,-0.4537977119799967
Ben Simmons,-0.36860916256113757,2.6351999442317346,0.6694313656056221,0.27284318920638545,0.20110829609303554,0.8696688607005475,-1.683474925633103,0.14972903239161098
Bennedict Mathurin,1.1202607334405654,-0.08750056697641666,0.881675485836862,-0.1258759120815424,-0.05682000773016046,0.625607391375155,1.0480384021044455,0.7738058044890391
Bilal Coulibaly,0.5639332024512069,0.7993970907297798,0.6109163549335394,1.5182391098776056,0.8112042986799641,0.04172461440499228,0.1483091600291586,0.536715694737633
Blake Wesley,-0.8154284066702605,-0.04396221916097785,-1.0944802415137953,-0.4569705565497684,-0.7101044880476436,-0.16326799632187008,-1.2587234735117967,-0.7887997095833317
Bobby Portis,0.7324504589094942,0.07576005958019875,1.8950664260958803,0.042654842071086864,0.3967780438209774,0.49569407269093735,0.7025789435250033,0.7570553309312398
Bobi Klintman,-1.2734074013527141,-0.9017756174420203,-1.1241809180386575,-1.437127389512975,-0.9373338725058984,-2.8957477687731275,-1.683474925633103,-1.3493340949719401
Bogdan Bogdanović,0.19023680845718915,0.012889507738520649,-0.30210862136836264,0.3714953379786564,-0.35032462932207314,-0.2255866728061304,0.5469915786732978,-0.23845102910344804
Bol Bol,-0.7269802296903501,-0.9017756174420203,-0.7558925291303653,-1.2924375713136447,-0.15465488159413138,0.6690303590722153,-0.8540239357332239,-0.7536010702474192
Bones Hyland,-0.21958357028958372,-0.3306676368414874,-0.9137304100910622,0.5161851561779869,-0.46772647795883815,-0.21263006597745077,0.638939956306541,-0.4181189716217519
Bradley Beal,1.2662130924255504,0.7575245964649335,-0.05415384215645742,0.9678520210975186,0.5222566781133429,0.6968860726824712,1.222334550795839,1.0345567839759255
Branden Carlson,-0.8601431538769766,-0.8912773089750987,-0.7605348197468565,-1.1817924162200388,-0.10861494095226264,0.33980887545868954,0.5983322398977421,-0.82260795159913
Brandin Podziemski,0.09779612152182682,0.7232520247272591,0.4299683922980264,0.6761054815561943,-0.5048007459493956,-0.0762382976681994,0.6849897605652947,0.2629694035327414
Brandon Boston,0.4526833564231027,0.4336816216777603,-0.0401793792568618,1.7809737394031693,-0.37056632736289463,0.23508097304309464,0.6506564386935353,0.3881326818037464
Brandon Boston Jr.,-0.11468906858654064,-0.6340687515355203,-0.30210862136836264,0.009770792480329955,-0.7416641247779567,-0.10885497920812273,0.46138859689234923,-0.34319361686943795
Brandon Clarke,-0.11494857997125871,-0.5676166926225594,0.5773338270695615,0.45615427415911575,0.3615801975178853,1.4545200968642065,-1.6452649947682245,0.1287417700333266
Brandon Ingram,1.9791352871137373,1.6860574196541447,0.8049487381476343,0.4920701864780983,0.49757761083234137,0.43344828145138364,1.0374627423506222,1.3999676977762348
Brandon Miller,1.8056663437288603,0.8631066837193488,0.5272709846056683,0.8939863481429057,0.801952773964695,0.08807457950870307,0.8959218369661166,1.114197977383055
Brandon Williams,-0.8687528256993878,-0.4818432787651578,-1.085495162901232,-1.0541249295735706,-0.9373338725058984,-0.5829718794762249,-0.7677941612432251,-0.9445752757817687
Brice Sensabaugh,0.08412260324597122,-0.4109796966134373,-0.3612978267286238,-0.18917770754374952,-0.7612310995507509,0.12491398833762676,0.40206513189590126,-0.1928841807030612
Bronny James,-1.1453385329943475,-0.8460033537114995,-1.2146088706723899,-0.8945405712654857,-0.6438292509139858,-1.6732735796662412,-1.234508237970784,-1.2552951293134236
Brook Lopez,0.5151658230349878,-0.1700435172975875,0.47524294236306813,0.16892959249959358,3.523936375691174,0.5089551486680777,0.7518640575873671,0.6059424280664057
Bruce Brown,-0.04557253645662853,-0.24738105633724294,0.10344704498898281,0.6126450349775404,-0.545994377050015,-0.2286424763034601,-0.12705707507039704,-0.09752000468838119
Bruno Fernando,-0.7740464356528647,-0.5133382041659225,-0.20345994576792722,-0.9264574429271027,0.3057445248245552,0.7060738875857314,-1.683474925633103,-0.699561270565318
Bryce McGowens,-1.0355652172586047,-1.0133201449030618,-1.337919715172934,-1.1658339803892304,-0.9373338725058984,-1.062265670375098,-1.683474925633103,-1.1130898641712768
Buddy Hield,0.4399172913071137,-0.17739233322443257,-0.09513983138313548,0.3927732524197343,-0.24673476287786864,0.0005787366256741747,0.7522837974239894,0.11751186577324173
CJ McCollum,1.946609860229073,0.9627792205383381,0.0353736898962847,0.2763046681106757,0.29847506051268113,0.2640173801713508,0.7541778901166247,1.377433756497343
Cade Cunningham,2.4728989484373143,3.977704137023969,1.0978630089612205,0.6870422819240047,0.8112042986799641,0.47005724079670225,0.7694497961686189,2.226001026982163
Caleb Houstan,-0.8627738869338246,-0.8571578064576036,-0.9926493505714103,-1.015115419764928,-0.7416641247779567,-1.3664199784760156,-0.3024533943838097,-0.9976436542978133
Caleb Martin,0.05331525334594014,0.11148047717182834,0.3438810930473915,0.9432534905405268,0.5775286905491346,-0.005233668356724122,0.45835686485093036,0.09017976486448614
Cam Christie,-1.0977700961755257,-0.866081368654487,-0.9137304100910622,-0.568988480316992,-0.9373338725058984,-2.4762470646596584,-1.3243015755032477,-1.187862310036341
Cam Reddish,-0.7870998090610366,-0.6830044151958484,-0.5980546481696688,0.7332198834769826,-0.17990259097838193,-0.17344086473878836,-0.0034705459934577646,-0.6840324590935918
Cam Spencer,-0.6879497174287528,-0.22358489047888738,-0.7164330588901913,-0.7860232076159879,-0.7025301752323683,-0.18219426314404358,-0.1275359728705703,-0.6190412494677531
Cam Thomas,2.339482779704363,0.7514316948226802,0.02498961878044945,0.16207586426909892,-0.8137529792040404,0.3578144643630815,0.9604190085332945,1.6637757674626852
Cam Whitmore,0.18108903214587727,-0.6452232042816246,-0.11714235461754628,-0.012836991613315358,-0.27694847392409494,0.32774294547290833,0.4051181053720051,-0.11650619152187569
Cameron Johnson,1.5510303440642343,0.46811176845790675,0.2231289216934148,0.20529757383077676,0.2049543845004644,0.6673521448271945,1.4244423656526923,1.4238545455682026
Cameron Payne,-0.2260886556665166,0.2761345925465788,-0.8260426984462306,-0.13491902571900052,-0.3633692791706026,-0.2099002148531693,0.5743685695831956,-0.24308926535001976
Caris LeVert,0.22105037076897668,0.8923300452997854,-0.2761484435787743,0.4476478738730409,0.2366846138617522,0.24722654411233697,1.0038978877595401,0.339745760604393
Carlton Carrington,-0.013525424673209193,0.9984182150707822,0.14471185046890353,0.0948824502446422,-0.5229744067290806,-0.10511611375256595,0.5790354755966476,-0.07857129552333027
Cason Wallace,-0.2146009517029968,0.18424088822122725,-0.04394293841403171,2.395613539384184,0.4115384309803386,0.3985904492165922,0.6395360312280329,0.05495509848393548
Charles Bassey,-0.6010458424712898,-0.8460033537114995,0.41309427673479393,-0.6232471621417409,1.1905746340354684,0.6270588980363869,-1.683474925633103,-0.38428788031777333
Chet Holmgren,0.9619764827205928,-0.05809337337305114,1.9130025489323228,0.5359155859324409,5.466403325863104,0.3818515023994959,0.7223334777821455,1.2562333437615916
Chris Boucher,0.26674548306088874,-0.7760345137586642,0.298751493652471,-0.3026276786318609,0.34341356716790217,0.6548736548700388,0.6740083361283102,0.2687199482876792
Chris Duarte,-0.9634592157459111,-0.7967925327728047,-0.9230149913240442,-1.437127389512975,-0.9373338725058984,-0.06269437108374828,0.4293094868954571,-0.9456546326329425
Chris Livingston,-1.1157841787578013,-1.0390611897017639,-0.7801752800473956,-0.7693282285929881,-0.9373338725058984,-2.1059400956170533,-1.683474925633103,-1.1164420974686722
Chris Paul,0.09465188046960353,3.290477479950922,0.22334656907477282,1.397611905820847,-0.45814265358032674,0.16444610745920857,1.0025553278686141,0.8416942298383346
Christian Braun,0.8646611012127328,0.022075527647076983,0.5702551569805856,1.0311106856520749,0.3057445248245552,1.3054427806149855,0.6969288458157415,1.0551131838262084
Christian Koloko,-0.96499665714277,-0.8507838334598298,-0.5416839763979915,-0.8945405712654857,-0.2664661660100981,0.3565875477709202,-1.683474925633103,-0.8355602338132156
Chuma Okeke,-1.2734074013527141,-1.0802468613796867,-0.9926493505714103,-1.437127389512975,-0.9373338725058984,-2.8957477687731275,-1.683474925633103,-1.2392396961522136
Clint Capela,0.10567069855706146,-0.42585230027490945,2.164108268642522,-0.13491902571900052,1.3585245008352849,1.400304508006611,-1.683474925633103,0.5389887233027054
Coby White,1.4392132008283067,1.4064524708184671,-0.08946592062964641,0.5885300652776522,-0.519905077352956,0.2958148919316379,0.9798353737297878,1.0772280064213693
Cody Martin,-0.1250096367326362,0.1415947317320302,0.393491014275733,0.9558196037836452,0.6280241093176356,0.08483595016110539,0.5387950586318729,0.024493445855418523
Cody Williams,-0.7048379198496362,-0.35949760701603345,-0.5221710515539492,-0.35195375301799625,-0.03424272914616713,-1.0707278954446273,-0.23269087830089547,-0.9174252996022433
Colby Jones,-1.1148459452899746,-0.9240845229342285,-1.0090907965048161,-0.8945405712654857,-0.2524897554581022,-0.7566853206420927,-0.6358859877543586,-1.0962698865738185
Cole Anthony,0.05606942255794811,0.40329535385216636,-0.2527842835681449,-0.08066034389425154,-0.15465488159413138,0.08289669024933853,0.3958394604936503,-0.16964202984111884
Cole Swider,-1.2734074013527141,-0.812539995473187,-0.9926493505714103,-1.437127389512975,-0.9373338725058984,-2.8957477687731275,-1.683474925633103,-1.5328247596714846
Colin Castleton,-1.0684972119793275,-1.0802468613796867,-1.0321088208115845,-1.2200926622139794,-0.7025301752323683,-2.468179743426707,-1.683474925633103,-1.1181358574505142
Collin Gillespie,-0.9562844892272351,-0.812539995473187,-1.0584151343050339,-1.437127389512975,-0.545994377050015,0.7712164280229319,-0.48623042520025234,-0.890607433223079
Collin Sexton,1.4120615401245868,1.1196052106345942,-0.2463506742898557,0.025497946632431167,-0.7331567444419592,0.5944049804469825,1.013760771515966,1.0464157576051558
Corey Kispert,0.4066016046899574,-0.23056854785036138,-0.21203809147231295,-0.21040936564908605,-0.42689105234605035,0.274741362421935,0.6344424813136104,0.1473115005773877
Cory Joseph,-0.9904361874561327,-0.6519158759292871,-1.0847214477984835,-0.6413333894166573,-0.7025301752323683,-0.7190378215549866,-0.0035014426257269,-1.021497440708754
Craig Porter,-0.8993649921790722,-0.3663618856290207,-1.0364932063938261,-0.8342531470157646,-0.15465488159413138,-0.023292481282881,-0.685771175272394,-0.800900886036635
Craig Porter Jr.,-0.7555025271122868,-0.5860188012446103,-0.9926493505714103,-0.7693282285929881,-0.2148609578181134,0.6363849752484306,0.11239182501617304,-0.6506581024621362
D'Angelo Russell,0.6259262476564161,1.6715306904964276,-0.2860495346427103,0.6827466910818673,-0.009040185610546817,-0.07491424082847498,0.6140651135928963,0.5632360426637769
D.J. Carton,-1.1636340856169713,-0.6786865625199371,-0.9926493505714103,-0.35195375301799625,-0.9373338725058984,-1.9790067195741126,-1.683474925633103,-1.3218104952670087
DaQuan Jeffries,-0.4846657993995995,-0.4555975075978539,-0.22538187367913504,0.1303456409797721,-0.024208383108836818,-0.35209693759559435,0.2333135195598908,-0.45430740827082866
Daeqwon Plowden,0.4829656504191698,-1.0802468613796867,-0.400757296968798,-1.437127389512975,-0.9373338725058984,2.146328001821454,3.1043058315978667,0.5314452181983906
Daishen Nix,-1.2246192610257172,-0.5448331295666872,-0.8611177831041631,-1.437127389512975,-0.9373338725058984,-2.8957477687731275,-1.683474925633103,-1.3676831614418947
Dalano Banton,-0.040287154587870494,0.030736632132287476,-0.6177843832897558,0.08211570157999519,0.2366846138617522,0.009587964348390375,0.2715056191236989,-0.1988476273057962
Dalen Terry,-0.719091083594921,-0.43091531428732555,-0.7995498153535369,-0.421220155347463,-0.387793304418913,-0.09543545065814499,-0.42270004681558127,-0.7633351849421183
Dalton Knecht,0.10485756288494472,-0.6117598460433121,-0.1787977768678184,-0.7136782985163226,-0.7905815617099421,0.17472358534410637,0.4979045541555511,-0.07674988083697436
Damian Lillard,2.3857031231720436,2.8917759397446594,0.44808014424425074,1.0865322302427898,-0.44588427356130045,0.3206062230026904,1.0016382169888334,2.4480692193565394
Damion Lee,-0.8134049354124588,-0.7742961574865442,-1.020834686457249,-0.8170281686587015,-0.9373338725058984,-0.8794413125634086,-0.4007129608836201,-0.946965280237939
Daniel Gafford,0.5725765204075312,-0.3153701016468302,1.3346540982878408,-0.5512713597211556,3.375387097824247,2.132932357102546,-1.683474925633103,1.0409126657978405
Daniel Theis,-0.6494327645390184,-0.23485675851705584,0.315743610023838,-0.4090681549387847,0.29847506051268113,0.05750939645704598,-0.486293438068696,-0.417877536536621
Daniss Jenkins,-1.2734074013527141,-1.0802468613796867,-1.3872440529731518,-1.437127389512975,-0.9373338725058984,-2.8957477687731275,-1.683474925633103,-1.4869520934965985
Dante Exum,0.4097834399286746,0.6598477670125619,-0.8940006749709749,0.1906330652294932,-0.9373338725058984,0.9215619600915701,0.11239182501617304,0.28373282085400564
Dario Šarić,-0.7217261222705198,-0.17416208446537979,0.03936756340237526,-0.2684788579029979,-0.7567156438339522,-1.0329299568007293,-0.9374995061326343,-0.7522837013726533
Dariq Miller-Whitehead,-0.6147675069382577,-0.9463934284264369,-1.0912980261718457,0.1906330652294932,-0.35032462932207314,-1.896500025146201,-0.6059548752435374,-0.6245459694087394
Dariq Whitehead,-0.6147675069382577,-1.0802468613796867,-1.1899467017722811,-1.437127389512975,-0.9373338725058984,-0.7799094272218013,0.5900923806888805,-0.8172111673432612
Darius Garland,1.9261188412917343,2.5177334164036704,-0.3770816148246935,0.9936615562357778,-0.46772647795883815,0.8383952121082353,1.4397528577560659,1.9094601100919701
David Duke,-0.8343141384097431,-0.00941939775368759,-1.3872440529731518,-1.437127389512975,-0.9373338725058984,-1.062265670375098,-1.683474925633103,-1.0740980979226233
David Duke Jr.,-1.2734074013527141,-1.0802468613796867,-0.5980546481696688,-1.437127389512975,-0.9373338725058984,-2.8957477687731275,-1.683474925633103,-1.4961266267315758
David Roddy,-0.612057054697869,-0.48534271492079833,-0.36422075045011826,-0.4725286015174384,-0.24161921391766106,0.10763172189161567,0.33401508476296515,-0.548771120838372
Davion Mitchell,-0.34532391376870725,1.3899574013030158,-0.6249588324243329,0.09198091645722246,-0.5104180592812982,0.05332484640472177,0.975387429009998,-0.3267906635099333
Day'Ron Sharpe,-0.09761321947209183,-0.25927913926642066,0.9934773181840221,0.15446061067966044,0.5497562102264589,0.7391916073709128,-0.705805066579637,0.15467772001532604
De'Aaron Fox,2.37013244008896,2.2803286893614807,0.5605425631375723,1.9338375238544059,0.06183079674316594,0.5488579607704048,0.7477465554373679,2.1354269116411113
De'Andre Hunter,1.5035608021244535,-0.2554203015596604,0.15914059157421362,0.38127167704617865,-0.6200315788930199,0.42929679345681265,1.1202128307048642,1.050922167584263
De'Anthony Melton,0.239024948784186,0.43675871209047884,-0.07192837830068,1.094944428975309,-0.15465488159413138,-0.10518801501132627,0.7601010997503452,0.029904068019635677
DeAndre Jordan,-0.751242440015127,-0.6461276193691465,0.4044291903644853,-0.8505470454616352,0.1414939257778887,1.649107478163999,-1.683474925633103,-0.5300730731242443
DeMar DeRozan,1.9020641668870324,0.8868166315854639,0.08819700818118614,0.9219457333021962,0.13459604982978252,0.6599320363114689,0.5532380717190343,1.6758685160744629
Dean Wade,-0.3910390348673153,-0.2388824256735446,0.6195518620985622,0.42317027304984567,0.1360544578873821,0.16648164676845045,0.9744078653278254,-0.1461595935849271
Deandre Ayton,0.8835419604724064,-0.20667708842163482,2.6833118244342873,0.33341907003146404,1.348912653578474,1.3179800895767861,-0.9588899513974529,1.1615907903902476
Dejounte Murray,1.2856092493471813,2.857634779051407,1.1585282205864709,2.9735783588214555,-0.028416334672878615,-0.026998875202223386,0.30310128769802525,1.2651119243115692
Delon Wright,-0.9074963489002382,-0.09179074110953363,-0.6891149641085322,0.4827951981319874,-0.12455184348214032,-1.273821297113332,-0.4006734912847047,-0.7614582346076303
Deni Avdija,0.8653053623695117,0.7226769294191894,1.1494361767523296,0.7775126849665737,0.356482418593145,0.4143983608734703,0.6436751804735588,0.8416942298383346
Dennis Schröder,0.8379772247134867,1.8474409912999066,-0.34618568918983383,0.9179302896888937,-0.587626238268726,0.13862609381819915,0.9091453034106135,0.6030846585651278
Dereck Lively,-0.002964227237718111,0.24757919351655222,1.6748108376643627,-0.04810513479940214,2.819525283870584,2.2441626065919733,-1.683474925633103,0.6808066192638201
Dereck Lively II,0.2947828234436107,0.6024820100325976,1.8258842380124578,-1.1270777790858382,3.758740072964704,2.4946896005170798,-1.683474925633103,1.077985269482034
Derrick Jones,0.19023680845718915,-0.581758214519308,-0.06739280700870609,1.4067759337152452,-0.12766595087303587,0.945713344973917,1.0893433373693793,0.15275844984433082
Derrick Jones Jr.,0.35855589258532805,-0.625145189338637,0.27005369711416266,0.8417372471264806,0.11928276522498717,1.1078437412888098,0.1422032130769509,0.37364324655678244
Derrick White,1.0833584793411914,1.1378957418455975,0.27166428773621043,0.4674630745394367,1.7940560753698602,0.3304323643672423,1.0592900570523913,1.148760240151858
Desmond Bane,1.3501748447315376,1.8377579770011612,0.8520808831567313,1.167289338074974,0.060581840906604574,0.6929267424213361,0.9009569152262702,1.440641461784634
Devin Booker,2.5925224136886613,2.50469725597692,0.19971290233819985,0.9219457333021962,-0.3248024883140807,0.364023968952622,0.5366848651478326,2.397864392392236
Devin Carter,-0.7336885989853122,-0.3775163383751248,-0.400757296968798,-0.7588938667036134,-0.49707694011802944,-1.2162781666405325,-0.49999873695523,-0.7839534843664687
Devin Vassell,1.0899475138991592,0.5259943340593121,0.04026031159785431,1.116222343416387,0.2366846138617522,0.2731564085875143,0.8668671387301217,0.7694434038822116
Dillon Brooks,0.7147093169724046,-0.2882807164062915,0.10892752696678476,0.2810642016040747,-0.39924206625405856,0.08992503829319728,0.9266677408730654,0.23633106580662339
Dillon Jones,-0.9715307830794215,-0.5950281669241559,-0.5857235637196143,-1.030187275827358,-0.7172054063119639,-1.6393541608458777,-1.1597552844750079,-1.0115965902593413
Domantas Sabonis,1.7118169349054009,2.3107067734359776,4.243951179218368,-0.08066034389425154,0.08993230306579587,1.5975056937009775,1.5315755247167635,2.503205319282246
Dominick Barlow,-0.8635870226059412,-0.9731641150170869,-0.7821988426238148,-1.0030579349149835,0.1584167147705755,-0.8720724607012753,-0.24678152511368207,-0.8722583667531246
Donovan Clingan,-0.537733601158789,-0.6857314800437924,1.1568533704064976,-0.5232969587803614,2.5847215865970536,0.97849640419972,-0.6753320434001987,-0.24694149626388745
Donovan Mitchell,2.2423257311906655,1.4547732565920664,0.32803495950788797,1.663368714758393,-0.45814265358032674,0.39928148806218877,1.1032704672723737,1.9460084547341645
Donte DiVincenzo,0.3366012294381795,0.8472425731471118,0.06289147835324824,1.167289338074974,-0.5264274022772207,-0.08043600668295274,0.8657579269135443,0.29153117410373636
Dorian Finney-Smith,0.027145025078371427,-0.37656024242545877,0.13476408486213695,0.48518019513527305,-0.132292624710938,0.44035148706630456,1.1576888948512316,0.01845774560266433
Doug McDermott,-0.7729355102564245,-1.0111612185651062,-1.1708534097205838,-1.157082580094916,-0.8615907443531468,-0.9896361214450079,0.2655618794909049,-0.9527574970729247
Draymond Green,-0.047110901241713986,1.8717639842919864,0.9589947180642301,0.9091939866923847,1.6010844763971301,0.04040037431552271,0.6303780402304721,0.2753021686921348
Drew Eubanks,-0.44400901579376884,-0.46246178621084116,0.3732553885115412,-0.8806280887463194,0.9892605666615282,1.541655008242084,-1.1309005408179411,-0.222513218163199
Drew Peterson,-0.8761325444043118,-0.6595646435266157,-0.6262399840555074,-1.1270777790858382,-0.6019000192579983,0.10749590840284537,0.5228756537360073,-0.818521814948258
Dru Smith,-0.3534024694722035,-0.20063858768690176,-0.37257196108295926,1.8183935199719614,0.06896768723780206,0.31389360747965167,1.095500594800177,-0.18810031694482285
Duncan Robinson,0.3152564180451183,0.3029052791372289,-0.46652308070242154,-0.2163070484561239,-0.6927466878459712,0.03568452621558897,0.9631836981362674,0.038696329036489
Duop Reath,-0.9396965215160562,-0.9517475657445669,-1.0400007148596193,-1.437127389512975,-0.7494909146870743,-0.714930821654575,-0.2944797460109271,-1.0403358156179072
Dwight Powell,-1.0560784126233649,-0.7070797149645658,-0.6817565547397352,-0.6479101993348086,0.1299556605556021,-0.9695914843106157,-1.4657941073725846,-0.8444567508895573
Dyson Daniels,0.750781399448216,1.0386245028164394,0.7368508344234568,5.0277368279039205,0.8611625321424174,0.597854844080786,0.9161759306897511,1.0766467357577816
E.J. Liddell,-0.9074963489002382,-0.812539995473187,-1.0584151343050339,-1.0754028440146488,-0.9373338725058984,-0.654010323131803,-0.28629059362796616,-0.951770988122927
Elfrid Payton,-0.29067486048035046,2.5911615853380248,-0.03434793045289523,1.663368714758393,0.06896768723780206,0.12373532127437084,-1.683474925633103,0.1343189938843766
Elijah Harkless,-0.7530005711980818,-0.6043235442125761,-0.46652308070242154,0.974369580475867,-0.6764408755353094,-1.4680763748205286,-0.6761932192689313,-0.7417761163001152
Emoni Bates,-1.2734074013527141,-0.6519158759292871,-1.3872440529731518,-1.437127389512975,-0.9373338725058984,-2.8957477687731275,-1.683474925633103,-1.4007114810878127
Enrique Freeman,-1.0268989028584146,-0.8548095006163186,-0.9926493505714103,-1.2086697818298218,-0.6901720859021825,-0.2902732078917169,-1.4944363203016002,-1.0837555013278626
Eric Gordon,-0.2488564544857818,-0.17849741832621382,-0.9095767816447278,0.04784706042752231,-0.1958485126947507,-0.06330742392160266,0.8154263982440315,-0.2870197203956301
Evan Mobley,1.4279707163181723,0.4677971892970294,2.164108268642522,0.40294964628285856,2.5336773045810688,1.1833513170976198,0.6303822608338817,1.808300908857612
Franz Wagner,2.354656124782137,1.645495773304675,0.729218441727098,1.7197413711996907,0.1299556605556021,0.4794149740597063,0.40364875984874654,2.130316146512149
Fred VanVleet,0.866765687658211,2.025152783135711,0.14729090081139856,2.0354282472709575,0.10623811537645762,-0.1644298588128983,0.6822802072222102,0.9496000551970191
GG Jackson II,0.17397409501485694,-0.6043235442125761,0.14729090081139856,-0.2313789045185541,-0.4155478785647204,-0.15693295423278203,0.49311557615381946,-0.1525672040982445
Gabe Vincent,-0.4858274217883375,-0.4046057236156635,-0.8893031189900018,0.009770792480329955,-0.3782774504260648,-0.11636352494441912,0.40811121662308725,-0.6651760451636387
Garrett Temple,-1.1787010113061909,-0.7338026819712753,-1.155129522148598,-0.6711224696341664,-0.6610942286546866,-2.032932663644643,-1.2609180431273908,-1.1453356501000937
Garrison Mathews,-0.1705685083796707,-0.38296386180926867,-0.6622909950722778,-0.1248243872399775,-0.33667325157361205,-0.39777764662079784,0.6593376614464735,-0.29746319151990036
Gary Harris,-0.7245408226740003,-0.8348489009653953,-0.9104421209043808,-0.08066034389425154,-0.35032462932207314,-0.46485608664707295,0.13244567039842348,-0.79351028981957
Gary Payton,-0.5938583039409733,-0.43010161560675875,-0.28801595342544334,0.113120662622709,-0.09874923938614796,1.0391667404031006,-0.9138177467834131,-0.4161530002142569
Gary Payton II,-0.322038664976277,-0.321744074644604,-0.03904548643386832,-0.35195375301799625,-0.545994377050015,0.6905432156934189,0.11239182501617304,-0.42423532711173684
Gary Trent,0.11957812246636629,-0.6002207569956182,-0.502807651038214,0.7332198834769826,-0.775400288179326,0.14075148025654743,0.9721785134994334,-0.15537932156490422
Gary Trent Jr.,0.29355287032612337,-0.35586357716209904,-0.4123630235100257,0.6055523968305145,-0.7992140505802925,0.3678503663753654,1.5431694291805138,0.21897140978357807
Georges Niang,0.0036939189716131376,-0.37686019409594224,0.07507749122153744,-0.7136782985163226,-0.6150542880128178,0.5995162221023634,1.1463885165076504,-0.19730054915244735
Giannis Antetokounmpo,3.3544961953795513,2.1194875835027633,3.4794239433149943,0.26814546783627735,2.2492877333491537,1.6107766117465252,-1.1703701397333097,3.5454978271559083
Goga Bitadze,0.06478159047348309,0.14355595419288367,1.8070940140885654,0.3198204029074669,2.8083441554289874,1.9266593846990998,-1.4269225326832065,0.6974605814979785
Gradey Dick,1.0131301086392013,-0.04511364654122089,-0.036853293642747545,0.34738036827876784,-0.46772647795883815,0.1776571567015433,0.8968264216997769,0.5149310583754316
Grant Williams,0.24512346632506052,0.1578973934378748,0.6350537968357736,1.0045132926007274,0.9704461678415338,0.33072235388280513,0.9227766962466587,0.28258600419963353
Grayson Allen,0.3470558309368216,0.016076494237407542,-0.024952818490948856,0.6298700133346036,-0.21056052380211468,0.418489395759692,1.4459511635697355,0.38508956897375396
Guerschon Yabusele,0.3518475232903659,0.012889507738520649,0.8487925939700504,0.2810642016040747,0.04101486613381047,0.7594515845582115,0.6233159155758919,0.47983846875164404
Gui Santos,-0.6879497174287528,-0.46246178621084116,-0.3704038583225101,-0.6858533334779898,-0.6664065294979791,-0.364132102138925,-0.011937411567238331,-0.6189001028025997
Harrison Barnes,0.42919912842615293,-0.12961431714027935,0.1911347566338143,-0.6398569627003375,-0.45814265358032674,0.6161562277012697,1.001529118296815,0.5473602248304943
Harrison Ingram,-1.2734074013527141,-1.0802468613796867,-0.9926493505714103,-1.437127389512975,-0.9373338725058984,-2.8957477687731275,-1.683474925633103,-1.4043812943818037
Haywood Highsmith,-0.3372849588284635,-0.4332886021056456,-0.16235633093441254,0.5975731789151103,0.5301892354536648,-0.001901856801570568,0.5065845767836892,-0.2594760011002708
Herbert Jones,0.22682791370243674,0.6598477670125619,0.1516752863936401,2.5780150655184473,0.11928276522498717,0.28497697552777423,0.19033244199435181,0.2782281009130194
Hunter Tyson,-0.9481531325060689,-0.886903013780548,-0.7734300714593316,-1.1356902682643697,-0.6112176262926622,-0.7263310059019473,0.1788388947901961,-1.0103860615686149
Immanuel Quickley,0.8207296988368399,2.1322355294983106,-0.5069943322308054,-0.2684788579029979,-0.576097415162006,0.31199968091647146,1.0285601550397114,0.7763346822397057
Isaac Jones,-0.7406409089819092,-0.9089144671995268,-0.7874601053225047,-1.1766857167541802,-0.185962041230602,0.5822944326039988,-1.3961362455292188,-0.783448885038545
Isaac Okoro,-0.4318119807120197,-0.20063858768690176,-0.56986931228383,0.03560826001592484,-0.014890776074172956,0.33039494636523414,0.777375627542305,-0.3755229244593577
Isaiah Collier,-0.32900839930870507,1.8772766095873585,-0.2410403936157122,0.3198204029074669,-0.4900887348420316,-0.14168303963658221,-0.5861148235220787,-0.3812023974143436
Isaiah Crawford,-1.1270429803717237,-1.0802468613796867,-0.9926493505714103,-1.437127389512975,-0.9373338725058984,-1.6734263698411078,-1.683474925633103,-1.1841924967423503
Isaiah Hartenstein,0.4121441563961099,1.1304937086868923,3.3351635144799485,0.38316387170440885,1.6379324846876577,1.1658290912652431,-1.683474925633103,1.153241809381847
Isaiah Jackson,-0.2488564544857818,-0.5448331295666872,0.8224862804766007,-0.13491902571900052,2.819525283870584,2.5064238859468264,-1.683474925633103,0.026845890274643444
Isaiah Joe,0.15909544229102093,-0.33978106206383624,-0.3881638490198063,0.0867334617352931,-0.637584471731179,0.12941967306879626,0.9412416453371115,0.038558060361848244
Isaiah Stewart,-0.4450470613326411,-0.16890433914479386,0.9047634737433469,-0.6059305615593743,2.0102019017788413,0.7459377812194868,-0.7664365848760258,-0.07856364051020139
Isaiah Wong,-0.49279715612076574,-0.30687147098313183,-0.729586215636916,-0.2313789045185541,-0.9373338725058984,-0.16711896589054842,0.6778903107206226,-0.651050176532007
Isiah Crawford,-1.2734074013527141,-1.0802468613796867,-0.9926493505714103,-1.437127389512975,-0.9373338725058984,-2.8957477687731275,-1.683474925633103,-1.3126359620320311
Ivica Zubac,0.9459551453590371,0.252824062726149,3.605586875375415,0.15741346411230003,1.6982178315847458,1.4990714030849415,-1.683474925633103,1.6041166652021566
JD Davison,-1.0977700961755257,-0.9731641150170869,-1.2294061720124552,-1.0030579349149835,-0.9373338725058984,-0.9405224590414686,-0.24678152511368207,-1.3383246550899677
JT Thor,-0.8180514249674109,-1.020756446733798,-1.1241809180386575,-0.9548279955152068,-0.15465488159413138,0.36377596171225846,-0.08714892505596882,-0.8844910777330942
Ja Morant,1.7514572989210861,2.93535612721781,0.256900540367438,1.456668974473635,-0.23292278068530808,0.48030393507711144,0.5671052862805699,1.5895747179657638
Ja'Kobe Walter,-0.14240960286324336,-0.3014632514698692,-0.44260825025383116,0.009770792480329955,-0.43926542374386485,-0.06329572706611059,0.08844693500751608,-0.3595965702289427
Jabari Smith,0.46924398595220196,-0.528101450447531,1.2516080193384946,-0.7588938667036134,1.337326944831425,0.15539562822349381,0.6942526522265385,0.42536467766896646
Jabari Smith Jr.,0.4829656504191698,-1.0802468613796867,-0.5980546481696688,2.9035671564669405,1.410703100229403,1.6879574772219468,1.9082585756654489,0.41217628614368695
Jabari Walker,-0.802667777116556,-0.834245957573714,-0.27811299757366204,-0.32262473581542933,-0.6200315788930199,-0.4967603269448732,-0.7127361414983591,-0.8023335458811359
Jack McVeigh,-1.078254840044727,-0.9910112394108535,-1.1241809180386575,-1.437127389512975,-0.545994377050015,-1.3678460201081026,-0.48623042520025234,-1.1994833854673121
Jackson Rowe,-0.8343141384097431,-0.5448331295666872,-0.20345994576792722,0.7332198834769826,-0.9373338725058984,-0.4498826495101557,0.7122113197330313,-0.9273055661629879
Jacob Toppin,-1.2185207434848426,-0.9463934284264369,-1.1159601950719547,-1.1658339803892304,-0.9373338725058984,-1.9790067195741126,-1.683474925633103,-1.2266247129541197
Jaden Hardy,-0.0499509593064872,-0.33890477117707196,-0.7599396542832038,-0.2684788579029979,-0.6363034913859881,-0.24086569029278057,0.4571982411408339,-0.4624625489241419
Jaden Ivey,1.3026064079127158,1.043560941478545,0.24374738362071333,0.5885300652776522,-0.0763869825029547,0.5081728629727613,1.1896724265056522,0.9008730897934736
Jaden McDaniels,0.3337865290346988,-0.16386566654589907,0.7754384505748547,1.6514437297419648,1.1397757572214833,0.45416506208456486,0.957692490187167,0.40159028625717463
Jaden Springer,-1.0200843650394615,-0.8743185029900716,-1.0230027892176983,-0.4354286481329946,-0.8470247581699253,-1.6125923740634909,-1.0850368668782826,-1.0028190320201082
Jae Crowder,-0.8552233414070274,-0.7742961574865442,-0.42894263285463674,-0.5069785582315647,-0.9373338725058984,-1.4991582618219426,-0.9138177467834131,-0.890607433223079
Jae'Sean Tate,-0.7016713818957206,-0.5950281669241559,-0.5363992259193967,-0.08066034389425154,-0.7905815617099421,-0.3123714921303036,-1.047289129215597,-0.665831368966137
Jaime Jaquez,-0.01242162059341289,0.052359109763197,0.4491389851272608,0.9836445688219778,-0.6664065294979791,0.2395066194875032,-0.22827028322237408,-0.050784775559779276
Jaime Jaquez Jr.,0.2287537613469235,0.8077910350135222,0.5026568901088735,0.8474486873185592,-0.1958485126947507,0.25127950454037506,0.11844106038678132,0.478812369639837
Jake LaRavia,-0.20525854185314638,0.4348600818358228,0.3338605000557209,0.5946870788180492,0.06183079674316594,0.5746047306628024,0.8406731073007521,0.04675657942289187
Jakob Poeltl,0.7984622912004156,0.4427077535550677,2.6025468268666794,1.0708294592754202,2.0890248923529344,1.4557164114248624,-1.683474925633103,1.3406390495233822
Jalen Bridges,-1.156315864567922,-1.0802468613796867,-1.1504872315321069,-1.437127389512975,-0.9373338725058984,-1.4289620900547038,-0.24678152511368207,-1.3640133481479038
Jalen Brunson,2.543776697831513,2.94606440185407,-0.24291941600810144,0.6464059925573842,-0.7494909146870743,0.6789556088315428,0.8912233174377507,2.428004728532882
Jalen Duren,0.29776985244322285,0.18726319760618979,2.5748088772647426,-0.01975774184606406,1.7940560753698602,2.1092841798334123,-1.683474925633103,0.9128436712524439
Jalen Green,1.8662529232199017,0.4840011001916257,0.33040347512854645,0.47788491018404633,-0.20069482223600002,0.17918146338726998,0.6096004234312274,1.1623292977094715
Jalen Hood-Schifino,-0.9806785593907335,-0.812539995473187,-1.1899467017722811,-1.437127389512975,0.2366846138617522,0.7712164280229319,-1.683474925633103,-0.9640036991028968
Jalen Johnson,1.49125388384377,1.6116944013467833,2.5477420070886594,1.9389683684714036,1.410703100229403,0.7581783331009905,0.4119024908744577,1.78325930848195
Jalen Pickett,-0.8742317077681951,-0.17977831242146017,-0.9926493505714103,-0.943866645651621,-0.7238759658935984,0.12016360290086824,0.18030824031345463,-0.807202585632377
Jalen Smith,-0.03709516455583826,-0.5904002556784319,0.8292027860493965,-0.8829961708772412,0.8112042986799641,0.5167135086623202,0.6445797421021967,0.0951668824500056
Jalen Suggs,1.097696218539329,0.8931351787310831,0.20240889098814974,1.7253786368438202,1.2765295589302428,0.0923041995875471,0.5091244454738929,0.690557837444996
Jalen Williams,1.8032946980185198,1.6414396086697276,0.7748060872697238,2.406195906406741,0.8726112939775631,0.6042167668938445,0.5483384787362848,1.7401899719066398
Jalen Wilson,0.11274976205548841,-0.061910940088295445,-0.01776832110828412,-0.24556418081260606,-0.845253991222161,0.1561730605838435,0.6374891776766047,-0.1444120634449313
Jamal Cain,-0.7318590437230499,-0.785769308882537,-0.4402167672089722,-0.46047111666749413,-0.11552093204854305,-0.4740846132090099,-0.2108641901006967,-0.7245483816699912
Jamal Murray,1.6766488170863574,2.191725944144199,0.19990352779829743,1.6495887320727427,0.36713111234704676,0.4397228646325684,0.745175451644949,1.6786696296032095
Jamal Shead,-0.41431188689907517,0.8402589157756378,-0.9240241849363247,-0.21040936564908605,-0.6821124624259745,0.2124029710764023,0.6823843154396387,-0.5004903243618736
James Harden,1.8459843208046423,3.4261520480463927,0.881675485836862,1.7279623835973799,0.48127179852167934,-0.006638352222432233,0.7469314102455842,1.7998244379339923
James Johnson,-1.156315864567922,-0.866081368654487,-1.1899467017722811,-1.437127389512975,-0.46772647795883815,-1.3064854858817154,-1.683474925633103,-1.2392396961522136
James Wiseman,-0.39522087546677215,-1.0802468613796867,-0.9926493505714103,-1.437127389512975,-0.9373338725058984,0.7712164280229319,-1.683474925633103,-0.5052770373540356
Jamison Battle,-0.4602717292361012,-0.6043235442125761,-0.6638204319032924,-1.1356902682643697,-0.6764408755353094,0.0846792422894476,0.7742684930054672,-0.5149612668798448
Jarace Walker,-0.3647282877623992,-0.29943516915239576,-0.11303199313419486,0.5071420425405287,0.04101486613381047,0.6129258068612352,0.467075508269405,-0.3588667778125241
Jared Butler,-0.2671520071084056,0.2917508263911247,-0.8816695905209205,-0.6232471621417409,-0.5704530955160076,0.47304640177095225,-0.16821235477277632,-0.30458412283890884
Jared McCain,0.9666046067041814,0.3164846129150948,-0.426491734081955,-0.02168351582387223,-0.9373338725058984,0.3407467179642641,0.6723899265664602,0.5805090263680516
Jared Rhoden,-1.1270429803717237,-0.812539995473187,-0.9926493505714103,-0.8945405712654857,-0.9373338725058984,-1.9790067195741126,-1.683474925633103,-1.1933670299773274
Jaren Jackson,1.889952665010625,-0.13031927267920365,0.9548664387017012,1.7133767164401894,3.0770519195899393,0.7662482829821113,0.9347829344425317,1.6676075759105708
Jaren Jackson Jr.,2.6133811113646956,0.4962491267363677,1.1337776568157525,0.7332198834769826,2.454275088111759,0.9068941033043858,1.0350682533497568,2.245044147975803
Jarred Vanderbilt,-0.7611319279192479,-0.2771262636601874,1.3091530801054152,2.541842610968614,-0.545994377050015,1.0572396353730247,-0.48623042520025234,-0.12300481922998467
Jarrett Allen,0.7194004843115387,0.0008770201657931367,2.672528365967843,0.566270093246986,1.3203939858934297,2.206409799815113,-1.683474925633103,1.5212362075872798
Javonte Green,-0.4079482164216409,-0.5913908453765132,0.02814998825048625,0.874764270845893,0.5429503059576611,0.2932356166318626,0.7785803083439826,-0.21687757957627324
Jaxson Hayes,-0.4631757852079462,-0.5639550485600086,0.2052274245767336,-0.2744413504112121,1.242986173605453,1.8660671667806121,-1.683474925633103,-0.1972748501798002
Jay Huff,-0.13908313875003905,-0.7273605381393007,-0.5083740339874548,-0.8945405712654857,1.1972451936171025,0.4410229701205227,0.7495980002692754,-0.17082359851532053
Jaylen Brown,2.118994622717795,1.4778409683935334,1.01539924609523,1.1190593986751973,-0.3111906797764848,0.5230036959464697,0.681162779021806,1.7329013149477415
Jaylen Clark,-0.5708581806439605,-0.812539995473187,-0.7953519993705396,-0.7860232076159879,-0.7025301752323683,-0.4022121149518069,0.29197850008110077,-0.6025270896447941
Jaylen Martin,-1.1270429803717237,-1.0802468613796867,-1.3872440529731518,-1.437127389512975,-0.9373338725058984,-0.451104970909088,0.7110140752325982,-1.1964252077223199
Jaylen Nowell,-0.04760537563692012,0.12443403519956231,-0.400757296968798,-1.1658339803892304,0.2366846138617522,-0.5553078701680426,0.593684114190179,-0.4249998715479849
Jaylen Wells,0.38251947915770595,-0.1563957162905894,-0.13382558652056115,-0.16045252304829405,-0.6610942286546866,0.30989795181423563,0.8089064196797551,0.1833526336948431
Jaylin Williams,-0.41431188689907517,0.22336918129544275,0.8430738301671264,-0.4934981403869066,0.6960831520056154,0.2894092192091196,1.0084512524270897,-0.1303178529680099
Jaylon Tyson,-0.8343141384097431,-0.5935071051860508,-0.5263101568238977,-0.9109825960608642,-0.7950286014310317,-0.8442479808564958,-0.26854960693973406,-0.8099827472187336
Jayson Tatum,2.6127173271425597,1.94647974499176,2.027208065768449,1.2204406998624835,0.308563296700588,0.39718607994973393,0.8930441064208581,2.4545397254729022
Jazian Gortman,-1.0538607698812286,-0.879466711949812,-1.2639332084726076,-1.1658339803892304,-0.7905815617099421,-0.7950356545335849,-0.4865297363253605,-1.169283880235512
Jeenathan Williams,-0.88310227873674,-0.9910112394108535,-1.1899467017722811,-0.7136782985163226,-0.545994377050015,0.3641834021785689,0.7110140752325982,-0.823327522833246
Jeff Dowtin,-0.7515864222030965,-0.312044550517557,-0.9240241849363247,-0.6822239902121203,-0.5289796163780199,-0.6968447165030731,-0.6737293247897796,-0.7214769075000207
Jeff Green,-0.6774951159301107,-0.9655153474197583,-0.8799080070280555,-0.9720529738722699,-0.7696169458819483,0.6407772730226152,0.7450500260306177,-0.7739597963783684
Jerami Grant,0.8781495870678435,0.11104869190423737,-0.07521666748736117,0.1363743834047442,1.5281049488661682,-0.10353788112276781,1.0636624428350947,0.5195183249929203
Jeremiah Robinson-Earl,-0.46840308595726726,-0.43010161560675875,0.47298811549220116,0.009770792480329955,-0.6019000192579983,0.1890422074458813,0.09563040201011339,-0.2916414777395659
Jeremy Sochan,0.4829656504191698,0.2761345925465788,1.5853693717866346,0.5161851561779869,0.31495251295292886,0.9716771374477831,-0.1471707826776689,0.722275509485917
Jericho Sims,-1.0332196335890378,-0.7782186024082511,-0.08204619118277608,-0.9919279488996505,-0.33527311026607765,-0.3224791498522415,-1.683474925633103,-0.8656715223792948
Jett Howard,-0.6247468992778706,-0.7638660198538234,-0.9119367978074177,-1.0918448688100273,-0.5637825359343732,-0.40987940372692616,0.21655209655383112,-0.8547433487590771
Jevon Carter,-0.7245408226740003,-0.6117598460433121,-1.0255322424382223,-0.804109434890904,-0.8394989986419276,-0.42085251628552023,-0.036665115287717,-0.7682803234233827
Jimmy Butler,1.2206423321633608,1.4897390513227111,0.6804321876119739,0.9068476653161794,0.0018809165882221236,0.9613118519848391,0.5192633960432732,1.8323940309181612
Jock Landale,-0.7582046394996281,-0.6090827773842472,-0.25081131005613627,-1.0030579349149835,-0.185962041230602,-0.2652143325595063,-0.24678152511368207,-0.6572073077252584
Joe Ingles,-1.151437050535222,-0.5002153185822706,-1.2557124855059045,-1.256265116763812,-0.9373338725058984,-2.488103582229299,-1.284193884738747,-1.153610719292426
Joel Embiid,2.327157354779648,1.2755735585975116,1.79581987973423,0.2991504288789912,1.410703100229403,0.29011072540328897,0.9662666027248822,2.1504445163973718
John Collins,1.396634460179291,0.12037787056461523,1.8293006423622569,0.7332198834769826,1.5530083713042695,1.0359045709553019,1.1944831725892093,1.3913491968585288
John Konchar,-0.8776813742559624,-0.5051728531360946,0.14729090081139856,-0.3117621368515156,0.019273783052927953,-0.22592620652805573,0.22333648205628373,-0.5997407499215789
Johnny Davis,-0.9290205284562661,-0.907024771675481,-0.9462264444064995,-0.4796212396644644,-0.5229744067290806,-0.38926988837488,-0.7538497841205365,-0.9494323816120506
Johnny Furphy,-0.9898263357020453,-0.9296617493072806,-0.9803182661213559,-0.8267172189845495,-0.49707694011802944,-1.0941224218347636,-0.5235694880575018,-1.0196243068399462
Johnny Juzang,-0.22302743901854818,-0.5605805922670695,-0.35433439080388723,-0.6711224696341664,-0.5920343176918836,-0.20031338035174173,0.7713692832838306,-0.40165877964135155
Jonas Valančiūnas,0.39514699783057566,0.10837162324517242,1.8405406126730939,-0.4821745893973937,0.3775668322258704,1.1612347399941607,-0.9651282253733925,0.6176858306071766
Jonathan Isaac,-0.4107915585498562,-0.806844104709219,0.5185644033075998,0.36379907105315995,2.0102019017788413,0.039383998960228615,-0.17540537425808952,-0.16835694451210617
Jonathan Kuminga,1.1781966500788739,0.09097067696124984,0.5733983745855015,0.529749826634174,0.3834369246577085,0.3969568946874343,0.6053572480693992,0.8537006980769656
Jonathan Mogbo,-0.4965500899920732,-0.22907631336927722,0.25184163392639003,0.12107065263366121,0.086169423301797,0.38421066817645533,-0.3633747203096813,-0.29637997292686186
Jordan Clarkson,1.1605787105163472,0.9424272365805338,-0.13038685273056771,0.4920701864780983,-0.32858354624119074,0.08209878600281353,0.7014361192291356,0.7968270869582873
Jordan Hawkins,0.32329537298536204,-0.561057788106475,-0.4067360045809456,0.009770792480329955,-0.012349610519264642,-0.4579944187939778,0.5248969756198553,-0.11049409209137917
Jordan McLaughlin,-0.9963604616386967,-0.6213208055399728,-1.0912980261718457,-0.5844909608383488,-0.9373338725058984,-1.4855381090909856,-0.14416056793372362,-0.9921826226103269
Jordan Miller,-0.556726443445796,-0.5079080446140666,-0.6796949314252015,-0.3145339724492038,-0.5324999116894672,-0.6148960383659786,-0.8496973418144184,-0.6185350683237545
Jordan Poole,1.7769601904556522,1.5238108342562657,-0.16758770009504168,1.7197413711996907,0.2366846138617522,0.04099051228822559,0.9654285315745793,1.224122477439171
Jordan Walsh,-1.0392243277831297,-0.9119739742384584,-0.9362786787997329,-0.8790380907441289,-0.4006397073092582,-1.2891983689539626,-0.4518181975592394,-1.0526034772006767
Jose Alvarado,0.136027763649415,1.1208984805182003,-0.6126692667771406,1.2959025098077124,-0.24161921391766106,-0.1813793822114222,0.9573803879883361,0.2477142829685395
Josh Christopher,-1.1636340856169713,-0.812539995473187,-1.2392710395724988,-1.437127389512975,-0.6438292509139858,-1.9790067195741126,-1.683474925633103,-1.2690569291658895
Josh Giddey,0.4982119442713562,2.433405753643123,1.4735675394394743,0.9592977244134367,0.2366846138617522,0.41047882516311957,0.91334839580575,0.9114238030136975
Josh Green,-0.17730051533951988,-0.2949733880539541,-0.2648413439193092,0.8779097016763131,-0.3633692791706026,0.17961287093983433,0.8805438964938903,-0.24512805051334802
Josh Hart,0.8196038186754476,2.014444508499451,2.4245407722276715,1.9052074108915598,-0.09204056232119001,1.2476284164706761,0.7058898687707459,1.6573439367947955
Josh Minott,-0.8956927665630617,-0.8557185222322998,-0.9671916278358141,-0.596992961258798,-0.17990259097838193,-0.22525152016448746,-0.6794116184636432,-0.8953426761830673
Josh Okogie,-0.2671520071084056,-0.6786865625199371,-0.20345994576792722,1.275806701724472,0.16330845846377404,0.41254149252381744,0.3514665861963578,-0.14173615791806307
Josh Richardson,-0.6879497174287528,-0.2771262636601874,-0.7953519993705396,0.7332198834769826,-0.6438292509139858,-1.0439308493911175,0.32161030146681374,-0.8791392666793575
Jrue Holiday,0.3332747653249751,0.891049151204539,0.3525598621617995,0.6838938090908473,0.07659118390252713,0.30284509197761716,0.5976023689188681,0.5010024488277843
Julian Champagnie,0.23205521445175792,-0.41371139932676887,0.2475054284054918,0.3345846700706639,0.11688680913035927,0.11714975292094079,0.8401210127894795,0.11596992741442204
Julian Phillips,-0.6498949679736953,-0.866081368654487,-0.5980546481696688,-0.568988480316992,-0.37380499904942616,0.2472805835847109,0.1698595610369499,-0.6990431792767546
Julian Strawther,0.08046349272144641,-0.35949760701603345,-0.5449361305386651,0.023683274999496542,-0.3051700721540866,0.20368320002649562,0.7366627362611018,-0.21416204047495044
Julius Randle,1.4861717858930412,1.306806026286603,1.4406846475726627,0.1454174970422023,-0.39924206625405856,0.48977692591883437,0.39060151580425656,1.3556241204738444
Justin Champagnie,-0.13450925059438312,-0.5782964878049996,0.38843210783468507,0.6653965311960465,0.5301892354536648,0.01719691505674238,0.5543995290197259,0.021111807002782677
Justin Edwards,-0.08918617705197407,-0.32580023927955093,-0.16758770009504168,0.23995913961562854,-0.19023119936284805,0.2605083235236987,0.5802967438671569,-0.14580214423810986
Justin Minaya,-1.2734074013527141,-0.9017756174420203,-1.1899467017722811,-1.0754028440146488,-0.9373338725058984,-2.8957477687731275,-1.683474925633103,-1.227006985172244
Jusuf Nurkić,-0.014673380916197347,-0.0736690455712476,2.227243421026801,0.559592101637786,0.5654097900446944,0.3432083669728961,0.3324932539757483,0.08629686563729583
KJ Martin,-0.3342357000580261,-0.6563776570277289,-0.20345994576792722,-0.44238488939257786,0.6280241093176356,1.1088827144779023,-0.28688921587818256,-0.2560355511371542
KJ Simpson,-0.3644073131549847,0.13147895272341753,-0.4942139370113158,0.04784706042752231,-0.44301029929846664,-0.8565296791232767,-0.6630445340536513,-0.5516325736991837
Kai Jones,-0.9535740369868463,-0.8819454792267241,-0.729586215636916,-0.9548279955152068,0.1932024476999873,0.1418567210617117,-1.683474925633103,-0.8477929447931852
Karl-Anthony Towns,2.2870662307718113,0.7005857683461598,3.982675157972287,0.6388569585643759,0.9513045620855396,0.9736966249764536,1.3248361251936491,2.6016985873084693
Karlo Matković,-0.9388601533961648,-0.7360523194999014,-0.1470892739962499,-0.35195375301799625,0.9075523203575525,-0.8700119760573617,-0.7429538530787821,-0.781823682008349
Kawhi Leonard,1.0909409375709758,0.27888030399177366,0.4036088271578289,0.3993203030169891,0.32699372819772526,0.4795517372931529,0.6870691852239414,0.7212874828298426
Keaton Wallace,-0.4318119807120197,0.14674294069177055,-0.8117934453039454,0.5523576107278194,-0.15465488159413138,-0.12230051459637428,-0.016311958780358387,-0.4464071157629317
Keegan Murray,0.4799163916487324,-0.34405298013681235,1.3995810327391478,0.2810642016040747,1.0193636047735193,0.2352284945912412,0.5692902574938598,0.47295756882541085
Keion Brooks Jr.,-1.2734074013527141,-1.0802468613796867,-1.3872440529731518,-1.437127389512975,-0.9373338725058984,-2.8957477687731275,-1.683474925633103,-1.3676831614418947
Kel'el Ware,-0.039764424512938455,-0.6825109463186013,0.8675828178939426,-0.1969289478044279,1.3436163295798227,0.7161071946653688,0.1265535171070073,0.16682305448829587
Keldon Johnson,0.46069280374814947,-0.34696283737492645,0.422744690652228,-0.16322790319278244,-0.3758467703300655,0.31970153213917335,0.20468375976693176,0.3160431335510994
Kelly Olynyk,-0.23056090186315803,0.16905184618397903,0.07604463509997307,0.009770792480329955,-0.15465488159413138,0.8482226761556496,0.7208913423611694,-0.16811294096862256
Kelly Oubre,0.5839066304060597,-0.26789499242203224,0.8578637365539982,1.1074176891649061,0.2771680099433954,0.4485235787048788,0.24962081534164882,0.42483081474365547
Kelly Oubre Jr.,1.1916775835902806,0.21601796300968065,1.7072091395457685,2.7893383526253634,0.17489416721082315,0.5786043086333281,0.20048381510065347,1.2832740732962609
Kenrich Williams,-0.4647439754327425,-0.5180624429760372,-0.09494640260744835,-0.08066034389425154,-0.6438292509139858,0.8163200876435242,0.5433998451719992,-0.4194951516069985
Kentavious Caldwell-Pope,0.04094509905657909,-0.09508559484376748,-0.5822708600735991,1.7749865745121622,0.2366846138617522,0.05850526673364988,0.33680333417730646,0.012533618428079082
Keon Ellis,-0.14431043949936012,-0.40278458847344234,-0.42894263285463674,1.6190759132688022,0.8356736375187167,0.42786884159639477,1.2338922856257208,0.026096948786073947
Keon Johnson,0.19609138529642864,-0.0629607709349876,-0.006162594567056469,0.5161851561779869,-0.13900130177589595,-0.2747484394711763,0.3669738955882146,-0.14783722251932305
Keshad Johnson,-1.0392243277831297,-0.9196227418357868,-0.7164330588901913,-1.2200926622139794,0.0018809165882221236,-1.062265670375098,-0.9651282253733925,-1.0153810852187692
Kessler Edwards,-1.0804724827868633,-0.7638660198538234,-0.7056713851883255,-0.8452144968793504,-0.2969601526689981,-1.4176278370827886,-0.9759034258772883,-1.0307275771754585
Kevin Durant,2.6671731635201024,1.1575079664541321,1.010677600083585,0.3436703729403235,2.19338209114117,0.9959355159804342,1.3682092102394312,2.4352784866771264
Kevin Huerter,-0.12291497596725529,-0.15883718337592007,-0.2860495346427103,0.3799075367111756,-0.063645696604391,-0.1552463402094492,0.3213805975801029,-0.24198926963399148
Kevin Love,-0.4722547812462407,-0.5448331295666872,0.2119028988654848,0.16207586426909892,-0.6901720859021825,-0.8723555246041862,0.1263806818107043,-0.4724418657762224
Kevin Porter,0.19565771293796647,0.5259943340593121,0.05960318916656706,0.8136031158099439,-0.32858354624119074,0.006314859269027692,-0.04298390570666788,-0.12810178213830534
Kevin Porter Jr.,-0.06996660662012709,0.7937011999658118,-0.05000645038947221,0.3714953379786564,-0.4155478785647204,0.029674779337506254,-0.5528770357243474,-0.07509336789177029
Kevon Looney,-0.5188174976284973,-0.08080789532875418,1.3398437791811064,0.15446061067966044,0.05405951598233987,0.9056717819054539,-1.683474925633103,-0.02371598177589762
Keyonte George,1.1342873237845765,2.011767439840386,0.023432008113074217,0.1906330652294932,-0.46772647795883815,0.027556088912691123,0.6818611716470583,0.7901670554247483
Khris Middleton,0.5720570371032507,1.294196644921442,0.07104071677241469,0.16704233400134136,-0.42689105234605035,0.4042011418914305,0.7579668812930519,0.654703077746563
Klay Thompson,0.73015889474262,0.014376768104667864,-0.028084522478264255,0.2991504288789912,0.05405951598233987,0.09062787309758373,0.9932445121346358,0.41176852911102124
Kobe Brown,-0.8855416857530897,-0.705457249110587,-0.4994059725692334,-1.1115752985644813,-0.7025301752323683,0.11923019383259228,-0.48635014965029544,-0.8263857005782385
Kobe Bufkin,-0.4976759701534654,-0.1700435172975875,-0.5585951779294945,-0.7860232076159879,-0.46772647795883815,0.1551664429611942,-0.641872210256523,-0.5915176497628216
Kris Dunn,-0.4218325883724067,0.4043093950109031,-0.06893902449460629,1.8677195943580969,-0.13686672270977307,0.11149623298116854,0.34242602971297603,-0.2850882397145822
Kris Murray,-0.6947573649162407,-0.6195420223778034,-0.5429949222531468,-0.6295563111911304,-0.5004897845551447,-0.17656589949314724,-0.4835018214550797,-0.701996098810989
Kristaps Porziņģis,1.529200215209212,0.01041074046160878,1.3749188638390388,0.25092048947921425,2.8890967497294073,0.6737023430859107,1.2606823280979915,1.6150595325073673
Kyle Anderson,-0.5049941912025149,0.12443403519956231,-0.18153801785671944,0.1303456409797721,0.36713111234704676,0.565051552069731,0.012621449980102107,-0.2647003880812996
Kyle Filipowski,-0.38058443336867315,-0.12988748741161255,0.5068105185552074,-0.2976950711932473,-0.5851283265956032,0.5222295590604792,-0.09413285130849368,-0.2786660664500981
Kyle Kuzma,0.9353647698149582,0.21772582180334257,0.9085796700915263,-0.12176540588269767,-0.43926542374386485,0.11227407387139762,-0.11791448070345537,0.2931853702476187
Kyle Lowry,-0.665080276650473,0.45906761758268705,-0.5980546481696688,0.6653965311960465,-0.2035723185261168,-0.8702084205679039,0.19477721220220875,-0.43360099645577604
Kylor Kelley,-0.6147675069382577,-0.9463934284264369,0.38843210783468507,-1.437127389512975,0.2366846138617522,-0.14552462117608295,-1.683474925633103,-0.34930997235942274
Kyrie Irving,2.292886661086538,1.492350825624238,0.4702383266252899,1.3684434755716044,-0.13556515010847844,0.65333694481861,1.150139997123067,2.0756758000173625
Kyshawn George,-0.11840120969837739,0.08369603386596446,0.10535329958995741,0.4973125711954654,0.5429503059576611,-0.46231844113407283,0.2674610148765845,-0.2902738454560911
LaMelo Ball,2.8293702742706706,2.868429410741185,0.6720470501859368,1.4792767585672806,-0.2035723185261168,0.12949769358362134,0.7784339061632234,2.1564844174437314
Landry Shamet,-0.8728310912994774,-0.8548095006163186,-1.075721919498093,-0.5232969587803614,-0.6901720859021825,-0.2902732078917169,-0.435820130445185,-0.984284246253899
Larry Nance,0.12193341199939366,-0.22358489047888738,0.296360010607612,0.8779097016763131,0.784559907499989,1.0973317772579947,1.374766426272571,0.4757863832395289
Larry Nance Jr.,-0.4788576874559094,-0.16239474970025897,0.303876100177169,-0.1969289478044279,-0.6019000192579983,-0.7888149116997343,-0.14416056793372362,-0.5314899894539704
Lauri Markkanen,1.54988524546481,-0.17849741832621382,1.0633967303639797,0.16207586426909892,-0.01047717274196371,0.305897971261074,0.8590943160756087,1.247541680696876
LeBron James,2.3061572422041143,3.761755582842222,1.6837321091969237,0.450131108739162,0.287728895877737,0.8753263245667505,0.839171290887628,2.5486458516453396
Leonard Miller,-1.0294666997177302,-1.0802468613796867,-0.7953519993705396,-1.0754028440146488,-0.9373338725058984,-1.2663933439967452,-1.683474925633103,-1.071039920177631
Lester Quiñones,-0.9440874541454858,-0.9463934284264369,-0.9926493505714103,-1.437127389512975,-0.9373338725058984,0.03782358866372018,-1.683474925633103,-1.106208964245044
Liam Robbins,-1.172078186827413,-0.9978755180238408,-1.0230027892176983,-1.1032278090529817,-0.576097415162006,-2.049525261820191,-1.683474925633103,-1.2406511628037484
Lindy Waters,-0.46840308595726726,-0.3663618856290207,-0.3514329591685803,0.1906330652294932,-0.448159503186044,-0.4364371141219038,0.5775213134343358,-0.5159806594615091
Lindy Waters III,-0.46840308595726726,-0.6978084815132585,-0.42894263285463674,-0.6620033634451331,-0.09874923938614796,-0.5226980814179634,0.2894129761516016,-0.6546908643236647
Lonzo Ball,-0.22446238432228338,0.7758540755720452,-0.03246890806050599,1.746048610872296,0.2366846138617522,-0.1535919424090342,0.7402268410431597,0.02195280588265548
Luguentz Dort,0.14754718567106706,-0.18789064169135408,0.3391077700344674,0.868866588038855,0.6280241093176356,0.054936088248768604,1.0073320890897288,0.17363842203427898
Luka Dončić,2.844755170794241,3.1057150418855826,1.8950664260958803,2.9035671564669405,0.023226707249452142,0.5131954927210999,0.8349833012319637,2.870951193117583
Luka Garza,-0.7757683700173469,-1.0267054881983868,-0.8742709398508878,-1.2200926622139794,-0.8199320238691334,0.12949769358362134,-0.6059548752435374,-0.8887725265760835
Luke Kennard,0.14786816027848151,0.7655215298703907,-0.23461215911543315,-0.009267341493265984,-0.7519625325531115,0.281773206808468,1.4449249539979359,0.362440658606705
Luke Kornet,-0.5224942850154594,-0.2422079768028178,0.5599950219223988,-0.35195375301799625,1.2575702541814484,1.0111634330741521,-1.683474925633103,0.03203149601615234
Luke Travers,-1.078254840044727,-0.6340687515355203,-0.9926493505714103,-1.0754028440146488,-0.545994377050015,-1.2663933439967452,-1.683474925633103,-1.034341787237722
Mac McClung,-1.2734074013527141,-0.00941939775368759,-0.9926493505714103,-1.437127389512975,-0.9373338725058984,-2.8957477687731275,-1.683474925633103,-0.9823527655728512
Malaki Branham,-0.6098886929055579,-0.6162216271417538,-0.9531898803312361,-0.9307130258153183,-0.7807980743235451,-0.29000301052984767,0.49910179865598386,-0.8135413540492703
Malcolm Brogdon,0.6432695400650162,1.0359121738812165,0.17234453270992192,-0.3002788179468067,-0.3782774504260648,0.16284960604019483,0.32173857766328856,0.6070258967532032
Malevy Leons,-1.2246192610257172,-0.9910112394108535,-1.1899467017722811,-1.437127389512975,-0.9373338725058984,-2.8957477687731275,-1.683474925633103,-1.3187523175220162
Malik Beasley,1.1275320428162232,-0.1123835769484952,-0.24899010373735897,0.566270093246986,-0.8470247581699253,0.22032557599657027,1.1667037512435021,0.697292549753748
Malik Monk,1.3747674712800877,1.9952692260112646,0.10854516775903121,0.783693075872098,0.4824094133340511,0.3417552258121187,0.4510171183711573,1.2323368851030463
MarJon Beauchamp,-0.9915203683522883,-0.9216057556573165,-0.9195762575340508,-1.195977692514091,-0.8503695401823688,-1.0120146795301148,-0.22017609177073,-1.0917675693381352
Marcus Sasser,-0.41664005902496587,0.1603459318455561,-0.8964067402295223,0.045060992041142466,-0.7082570946780641,0.02118809255142544,0.2607917408990934,-0.4363561535400603
Marcus Smart,-0.0023479559914823347,0.9205097153952065,-0.4942139370113158,1.1901350988432895,-0.1958485126947507,-0.3238548800097437,0.5418875363293475,-0.05620777901041371
Mark Williams,1.0047866295687875,0.24664803920035566,2.404296348365321,-0.02168351582387223,1.8190573563572816,1.364626895000103,-1.683474925633103,1.5889098967168525
Markieff Morris,-1.022496965385302,-0.7742961574865442,-0.9362786787997329,-1.1270777790858382,-0.6019000192579983,-1.7432733069229371,-0.4007129608836201,-1.2235119248922526
Marvin Bagley,-0.5569920776036562,-0.8829891707117395,-0.2242280879995979,-0.637525762621938,-0.3194294059966087,0.5423206628966095,-1.4312974261208782,-0.49755111462984425
Mason Jones,-0.8635870226059412,-0.11650214411628748,-0.7558925291303653,-1.437127389512975,-0.9373338725058984,-1.079867098519719,-1.205056023260136,-0.7181262084055072
Mason Plumlee,-0.6967315826876123,-0.08437732020750748,1.1223782543019245,-0.3953606984777954,0.8471742267729305,0.7455476786453594,-1.683474925633103,-0.26710615457402687
Matas Buzelis,-0.40107545230601177,-0.844664819381967,-0.26659509815220594,-0.8728370985355861,1.1289386635011667,-0.1634194064564477,0.39973050512005703,-0.4935336348132648
Matt Ryan,-1.0581656057924342,-1.0487519359789221,-1.2247638813959643,-1.1817924162200388,-0.9373338725058984,-1.6446658663368248,-0.8806168488722502,-1.174478285081786
Max Christie,0.007281282230951253,-0.2659718109140833,-0.2527842835681449,0.1906330652294932,0.13884973999778127,0.5501290449911029,0.9845844435815048,-0.00602952048402503
Max Strus,-0.029309823014296327,0.5036854285671037,0.3226663241010614,-0.08066034389425154,-0.05682000773016046,0.1603613089066555,0.8223578137728534,0.07959945637576242
Maxi Kleber,-0.8300093024985375,-0.40310596526324616,-0.2847000315565211,-0.8626236996038686,0.2366846138617522,-0.5363798637992865,-0.15529796005119556,-0.8155921320665006
Maxwell Lewis,-1.1453385329943475,-0.9463934284264369,-1.2885953773727166,-1.1658339803892304,-0.9373338725058984,-1.3675404397583697,-0.785541550308465,-1.1864861300510945
Micah Potter,-0.7278672867872048,-0.690855056424778,0.11939026528804317,-0.943866645651621,0.023226707249452142,0.04649095858341989,0.6296014492031645,-0.6587419569209273
Michael Porter,1.4538496429264056,0.36537021451541224,1.2170809828783422,0.15446061067966044,0.0018809165882221236,0.927429102806444,1.2655777278330946,1.4060840532662195
Michael Porter Jr.,1.56739295132378,-0.3014632514698692,1.1596853898017252,-0.35195375301799625,0.4501425204740524,0.8875592011758254,1.3482746706902657,1.5314693408109081
Mikal Bridges,1.3898510823798156,0.6624723441292923,-0.16477419063050155,0.6906640545948265,0.3057445248245552,0.6666719977848637,0.7515795359531469,1.1385834469836484
Mike Conley,-0.06823653072200649,1.3803779486545245,-0.32939442525784474,1.2411735005597386,-0.4877097713438195,-0.19264901213065339,1.1868550809365483,0.22126791372224572
Miles Bridges,1.5953352498746964,0.9543253195097116,1.6567722226974255,-0.01089918154814576,0.4714883111352823,0.29723511298563554,0.5296486369098848,1.3925406946812529
Miles McBride,0.06529157103439255,0.38234674747533665,-0.44406647162264773,0.4156080874296717,-0.5364495113071884,0.18700642476752097,0.8447550462565605,0.089053700989855
Mo Bamba,-0.45620605087551813,-0.8571578064576036,0.5857294590355558,-1.256265116763812,0.8236938570455775,1.5382231058527744,0.06270617824820962,-0.3263736392719798
Mohamed Bamba,-0.7153930463626884,-0.7121499207582496,0.09248608103337892,-0.35195375301799625,1.850960032617272,-0.052933775206982475,0.20218516254863692,-0.6497759358049269
Monte Morris,-0.5453382303190699,-0.18789064169135408,-0.8307643444578754,-0.5467285082863258,-0.7567156438339522,-0.1498497584338422,-0.14234496638361635,-0.5269195260109049
Moritz Wagner,0.6098148152693614,-0.3306676368414874,0.5594231455421065,0.2991504288789912,0.0018809165882221236,1.0418383857464806,0.7476497569458438,0.5803760621182693
Moses Brown,-0.8017887115250786,-1.0802468613796867,-0.8172739272817475,-0.9548279955152068,-0.6764408755353094,-0.7909103198121892,-1.683474925633103,-0.9028401442030486
Moses Moody,0.05408385870743073,-0.482575718890757,-0.5338183012670598,-0.4276635416106692,-0.2274622295859237,0.25852366636856183,0.9660549967201543,-0.13829570795494667
Mouhamed Gueye,-0.29764459481277855,-0.9017756174420203,0.38843210783468507,1.094944428975309,1.410703100229403,-0.09296480102200579,-1.1447149004383201,-0.15970295216989344
Moussa Diabaté,-0.5868885696085452,-0.6085728595444253,1.4218944236487698,0.06144572755151948,0.6280241093176356,0.7979328814567311,-1.683474925633103,-0.1007238099450399
Myles Turner,0.9347862543170096,-0.2654868347077308,1.203355949751325,0.3557681838265552,3.248297252804856,0.5242543610300145,0.9083512013691611,0.8326092439552518
Naji Marshall,0.3628717665373315,0.2926088612177482,0.009014124756087382,0.677569953400317,-0.6965095676099701,0.5876801687371398,-0.11490043860446351,0.3467783312892338
Naz Reid,0.7756944923811504,-0.061910940088295445,0.6785752713653774,0.2651057657732662,1.0884235157363225,0.5721937437732948,1.1344160715033218,0.7183538462599856
Neemias Queta,-0.5196306333006139,-0.7188425924059121,0.07275634591329191,-0.7317645257912389,0.7062920084088123,0.8192536590009607,-1.683474925633103,-0.3360068991687058
Nic Claxton,0.1772266377033234,-0.03321556361204316,1.567831829457668,0.5885300652776522,2.1412034917470524,1.1705080850073915,-1.5238423255753895,0.5226784419960789
Nick Richards,0.043872387476198836,-0.4946380922092185,1.9668109174416515,-0.7588938667036134,1.850960032617272,0.7512773102028534,-1.683474925633103,0.3072425622686349
Nick Smith,-0.8134049354124588,-0.6978084815132585,-1.0772053582289265,-0.8170281686587015,-0.7696169458819483,-0.6421363438278922,0.31763373937609035,-0.9626930514979001
Nick Smith Jr.,0.4571366349519363,0.2740349308531945,-0.20345994576792722,-0.5434549829876985,-0.3848545848034746,0.04774596237269793,0.9575055900275972,0.05059174100046676
Nickeil Alexander-Walker,-0.01242162059341289,0.20680537855540834,-0.24140174407578704,-0.14326651523050032,-0.26001551498610004,0.4349840185936315,1.2871649671332073,-0.10300904166657268
Nicolas Batum,-0.7805476164167262,-0.37000415591346286,-0.2678835706498443,-0.06405054333565484,0.02104856534524496,-0.42795570033339564,0.7185884792149287,-0.6131246117080535
Nikola Jokić,3.072979534734955,4.448481891037156,3.6223930383880885,2.5261154568165125,0.6450388699896307,1.4009776705161683,1.8973272128354097,4.3145440530037815
Nikola Jović,0.3437409572909107,0.4998765910440437,0.16226197353124783,0.4685433867708902,-0.2501035390223957,0.43242471149943223,0.8764674249753432,0.4126238243502711
Nikola Vučević,1.5821337530803325,0.8199469711331157,2.7134459915939666,0.5629965679483584,0.6740640499595044,1.1714188342850278,1.0800470859542535,1.9542174408539763
Noah Clowney,0.1071651100625729,-0.6461276193691465,0.15914059157421362,-0.32262473581542933,0.26841484322304,-0.20122283411120157,0.5024346684815132,-0.20871644954233942
Norman Powell,2.228884100692411,0.11806006220178852,0.031417853280728485,1.4049940394024458,-0.4900887348420316,0.7766295656467734,1.5051292488768448,1.7451049004253785
OG Anunoby,1.122189856336148,0.0015074130996388273,0.47298811549220116,1.6190759132688022,1.1231883688740598,0.5528449683035257,0.7869047164233008,1.0573893785463706
Obi Toppin,0.1684378521408715,-0.2714303728962193,0.1911347566338143,-0.0056217413706626754,-0.08804390364419366,0.8721749742070618,0.4769145654671111,0.2642125373753306
Ochai Agbaji,0.23478250179922974,-0.20728968994544836,0.08819700818118614,0.4973125711954654,0.44086174192569155,0.8927045461950448,0.9069457404338704,0.28373282085400564
Olivier-Maxence Prosper,-0.7664867238087965,-0.7015395876582968,-0.45369073265683657,-0.4313567020298239,-0.6509879002211056,-0.7766002156295708,-1.0119083641464028,-0.7066692303169503
Onyeka Okongwu,0.5057334492384349,0.0024786851754901385,1.7607447950762976,0.34738036827876784,0.9932743050764603,1.1879465369654885,-0.24422740351275868,0.9618327661769887
Orlando Robinson,-0.8343141384097431,-0.5763280549674519,-0.5052088358398472,-0.6711224696341664,-0.5229744067290806,-0.29565444946843933,-1.2609180431273908,-0.8517505865808226
Oscar Tshiebwe,-0.5903734367747592,-1.0802468613796867,1.2433872963717918,1.456668974473635,-0.9373338725058984,1.0156807078093357,-1.683474925633103,-0.21780832932474914
Oso Ighodaro,-0.7501545963456736,-0.5582184728620121,-0.09494640260744835,-0.46047111666749413,-0.05682000773016046,0.6914599567426178,-1.683474925633103,-0.6231697894234929
Ousmane Dieng,-0.7081379134261306,-0.581758214519308,-0.46198750941044764,-0.3145339724492038,-0.4515331195261809,-0.38299216467894515,-0.10212136202689909,-0.7077494949535329
P.J. Washington,0.8384221013730034,0.16905184618397903,1.9104402456699743,1.1982942991176877,1.410703100229403,0.29608263852378536,0.8782862354359309,0.8569227067725826
PJ Dozier,-1.1595684072563883,-0.7827947881502425,-1.1680247738610732,-1.195977692514091,-0.9373338725058984,-1.2659859035304346,-0.08714892505596882,-1.1332228676591434
PJ Hall,-1.139240015453473,-0.9910112394108535,-0.9597664587045984,-1.437127389512975,-0.7416641247779567,-1.6734263698411078,-1.683474925633103,-1.1505525415474338
Pacome Dadiet,-1.0594901706881896,-0.8743185029900716,-0.9926493505714103,-1.2701775992829782,-0.576097415162006,-1.3375700593037867,-0.5783261560027791,-1.093858631044113
Paolo Banchero,1.992830203696754,1.5686421275898903,1.4372232905340507,0.16207586426909892,0.916379527021971,0.18450215653556268,0.2299738375323678,1.4078545772238467
Pascal Siakam,1.7563361129537856,0.7508681014207718,1.5248648507517006,0.5161851561779869,0.1427631349523402,1.0317175645633239,1.2357423948823079,1.8668902758816752
Pat Connaughton,-0.6440403911344557,-0.18789064169135408,-0.308685199741725,-1.147747753114314,-0.23292278068530808,0.2764207257352506,0.6590536639138126,-0.6013038185467973
Pat Spencer,-0.8123594752625944,-0.25035557706953737,-0.7953519993705396,-0.46047111666749413,-0.7025301752323683,-0.8543488004167613,-1.4442654744466195,-0.7649163279038909
Patrick Baldwin,-0.9694197577768111,-1.0390611897017639,-1.0230027892176983,-1.1032278090529817,-0.576097415162006,0.019206693510755116,-0.025751771187617328,-0.9908215654820609
Patrick Baldwin Jr.,-0.9481531325060689,-1.020756446733798,-0.9488054947489946,-1.195977692514091,-0.9373338725058984,0.22769084596449404,1.9082585756654489,-0.9721588397562099
Patrick Williams,0.10311512930183782,0.0798162242151456,0.256900540367438,0.26814546783627735,0.5162128249016691,-0.15408087096860695,0.8014915524795951,-0.04261843279018419
Patty Mills,-0.6716870039864206,-0.42585230027490945,-0.9268835668377868,0.1303456409797721,-0.545994377050015,-0.9815924580455844,-0.08555259905539139,-0.8223081302515819
Paul George,1.1827705382345297,1.3123832526596553,0.7213713879861545,2.293156985938515,-0.05682000773016046,0.19939919858504657,0.8974100783937378,0.9701025884957392
Paul Reed,-0.6425262764346523,-0.5448331295666872,-0.393953940030837,0.882899005752152,0.3581348021066816,0.3569759208262462,-0.3624601144313665,-0.40973534642427273
Payton Pritchard,0.7556052581288577,0.7569571203315862,0.05960318916656706,0.47788491018404633,-0.4769344660872119,0.3771975300142574,1.0779343015417249,0.8845748013407495
Pelle Larsson,-0.7101261448501149,-0.5772824466462629,-0.8013307069826872,-0.4506059017902671,-0.6527233303561649,-0.26108955343874657,-0.20346304227983897,-0.7549355478088703
Pete Nance,-0.9597693563934492,-0.8507838334598298,-0.8235373352563783,-1.1270777790858382,-0.9373338725058984,-0.45145420559449695,0.6254966109159663,-1.0583703266626625
Peyton Watson,-0.09029499842304221,-0.2771262636601874,-0.030824763467165315,0.416710906165947,1.948794906481243,0.4508154313278759,0.3268482461562075,0.03946087347273706
Precious Achiuwa,-0.3171598509435773,-0.5269860051729205,0.9145583777036737,0.8055647925766481,0.862827806591166,1.319060879024263,-0.32675745774259646,0.04336005009760242
Quentin Grimes,0.23292643124331125,0.0686617714690416,0.10070680400008192,0.009770792480329955,-0.39924206625405856,0.1710566211473099,0.6536959947743756,0.15337799447370432
Quenton Jackson,-0.44400901579376884,-0.15814543436840964,-0.7953519993705396,-0.35195375301799625,-0.2851013800794258,-0.2473847377537513,-0.7524177857964893,-0.4329001640558819
Quincy Olivari,-1.0538607698812286,-0.812539995473187,-1.3872440529731518,-1.437127389512975,-0.9373338725058984,-1.6746486912400396,-0.4874276697006851,-1.3309850285019857
Quinten Post,-0.23759765287185952,-0.13297641278745675,-0.051692752536488196,-1.1032278090529817,-0.39547918649005964,-0.1308567643888987,0.2229067019792054,-0.26532770659309274
RJ Barrett,1.8859221734808576,1.9624701998990668,1.2305549483262066,0.3097374887472349,-0.19283434456543705,0.5932345072516108,0.9917533100414135,1.5193858092331338
RayJ Dennis,-1.151437050535222,-0.9910112394108535,-1.1899467017722811,-0.7136782985163226,-0.9373338725058984,-1.6734263698411078,-0.48623042520025234,-1.144436186057449
Rayan Rupert,-0.9095872691999667,-0.8354862982651727,-0.9362786787997329,-0.9410480128295563,-0.8031603312067384,-0.9086722557321543,-0.5913826993239832,-0.9786829522788604
Reece Beekman,-0.9440874541454858,-0.25035557706953737,-1.0912980261718457,-0.026401662069502545,-0.7025301752323683,-0.8444479970854119,-0.9353168373126144,-0.8924423398700744
Reed Sheppard,-0.7530005711980818,-0.47047011125932614,-0.8172739272817475,-0.05051663176939112,-0.024208383108836818,-0.6864018402035016,0.09882305401126742,-0.8518705151198419
Reggie Jackson,-0.631292522210305,-0.3030333797156551,-0.852631875525631,-0.3169481518407389,-0.7101044880476436,-0.3563159179080373,0.20786241872810876,-0.7159953490735125
Richaun Holmes,-0.5624944994450468,-0.5065892915800444,0.4448027796063626,-1.1270777790858382,0.4044015404857022,0.5202913065564588,-1.683474925633103,-0.2510114019846669
Ricky Council,-0.475056014183676,-0.690855056424778,-0.5801185253332259,-0.7465623481070794,-0.4036891059751482,-0.4022121149518069,-0.21412940237460432,-0.5202899099203621
Ricky Council IV,-0.11643150216964766,-0.2388824256735446,-0.29741106538738954,-0.09357907766204886,-0.713711303673965,0.44188811968210495,0.5540040107472619,-0.19945926285479476
Riley Minix,-1.2734074013527141,-1.0802468613796867,-0.5980546481696688,-1.437127389512975,-0.9373338725058984,-2.8957477687731275,-1.683474925633103,-1.3126359620320311
Rob Dillingham,-0.44400901579376884,0.16905184618397903,-0.9488054947489946,-0.7136782985163226,-0.9373338725058984,-0.05697422649789666,0.3784461584456954,-0.5915856092682658
Robert Williams,-0.44400901579376884,-0.48534271492079833,0.9803241614372974,-0.11080405601911196,3.106507580538232,0.8869295204551632,-1.2843934254888194,0.08087369710284262
Ron Holland,-0.34737096860760225,-0.6375008908420141,-0.3172853406915065,-0.14326651523050032,-0.6212519723299924,0.29112619241163246,-0.3400284525512407,-0.5268019037899437
Royce O'Neale,0.1089232412455279,0.05007101689220128,0.6208045436934883,0.636760004677429,0.36713111234704676,0.18450215653556268,1.1516000513918878,0.19769608696155244
Rudy Gobert,0.29438072338597077,-0.10208715902901447,2.7104701642757028,0.10715817011449486,2.7201852581010133,1.9325157817313459,-1.683474925633103,1.0353388127963705
Rui Hachimura,0.5979662669042337,-0.2643783176646398,0.6233099068833406,0.3714953379786564,0.2366846138617522,0.8641128543417658,1.0980661187296759,0.6376076742031271
Russell Westbrook,0.6262808126297227,2.34417013167429,0.6186123509023675,1.8183935199719614,0.2366846138617522,0.6451645337580676,0.40137671630815264,0.84185025931512
Ryan Dunn,-0.2838566421116708,-0.5913908453765132,-0.023318885975827916,-0.44631667793060315,0.44086174192569155,0.205547342360653,0.1812594108454192,-0.3756368938163138
Ryan Rollins,-0.545890132358968,-0.43460089066401086,-0.7721405462880842,0.0948824502446422,-0.10861494095226264,-0.0844804524882429,0.06041732846797044,-0.6018794755340898
Sam Hauser,-0.17737615586715863,-0.5448331295666872,-0.23098980872618832,0.026595189945368417,-0.5004897845551447,0.17836212346185742,1.0771481492021793,-0.16987317118231005
Sam Merrill,-0.22843351202331802,-0.2335460761870363,-0.6347611321140169,-0.17529757963509265,-0.5004897845551447,-0.2289267370939096,0.6210815232233401,-0.323493262558673
Sandro Mamukelashvili,-0.5840781928615983,-0.8211757008250096,-0.43257945038829326,-0.9470489730313717,-0.33138884728388524,0.8568577853932654,0.7802225315156842,-0.5141556179040135
Santi Aldama,0.5782727152440006,0.2769646913555913,1.273976032992082,0.3294343443160602,0.3185928803525184,0.5242506532805742,0.8653194013116414,0.8077480214378211
Scoot Henderson,0.5642792176308311,1.7871911245521552,-0.17715363227447772,1.0708294592754202,-0.3111906797764848,0.14946227643284443,0.7558708358488161,0.4737475980762006
Scottie Barnes,1.6501280843957848,2.338163887887926,1.668335437419821,1.7905685549336288,1.591321328901349,0.3906043493400999,0.3280800265556913,1.7238992943035076
Scotty Pippen ,0.3144248020168172,1.6292711147648868,-0.012141302179204063,0.8647560818400103,-0.08350224605669795,0.4051867291063798,0.6896813550430679,0.4055038983364307
Scotty Pippen Jr.,-0.19193695743761885,0.882936821934645,-0.11577223412309574,1.8183935199719614,-0.15465488159413138,0.1649450141526501,-0.5213495972129493,0.03092346060129997
Seth Curry,-0.45446361729241114,-0.7360523194999014,-0.8141422232944321,-0.5069785582315647,-0.6578056614659817,-0.27753533226074123,0.5220204790928413,-0.5411014052239466
Shaedon Sharpe,1.271337645248595,0.19744499862860765,0.11939026528804317,0.3386112883878995,-0.4036891059751482,0.3236801158230495,0.5892760776204035,0.7357870947956109
Shai Gilgeous-Alexander,3.4746544152706114,2.078694156317011,0.6725402935639389,2.7733463200875432,1.410703100229403,1.0094224222468036,0.9542941577205534,3.6126204598331415
Shake Milton,-0.36895033836762,0.04549483115020985,-0.6587615254622443,-0.4354286481329946,-0.7567156438339522,-0.4422666469475793,-0.05024923558108952,-0.3669533055036098
Sidy Cissoko,-1.0839946212596678,-0.8912773089750987,-1.155129522148598,-1.309459902866507,-0.9373338725058984,-1.0980724972379299,-0.838361160621679,-1.1215897993742703
Simone Fontecchio,-0.3391664163676695,-0.6131838187343042,-0.24543810559789966,-0.6521081631123521,-0.4877097713438195,-0.17267576033533874,0.5949068319778552,-0.50020176364958
Spencer Dinwiddie,0.23414613475148635,0.9222004956009319,-0.4323248731609374,0.5161851561779869,-0.46772647795883815,-0.1405375498684406,0.7767188534163528,0.296944148712373
Spencer Jones,-1.1819296382395952,-1.0802468613796867,-1.1899467017722811,-0.8945405712654857,-0.9373338725058984,-1.9790067195741126,-1.234508237970784,-1.2323587962259805
Stanley Umude,-1.1809667144173517,-1.0238875211888447,-1.0964900617297633,-1.0944409779882451,-0.6901720859021825,-1.8022204456654183,-0.927320504307092,-1.2363424751306418
Stephen Curry,2.051155875215495,2.208723205471597,0.38843210783468507,0.888244688690551,0.2366846138617522,0.2620322566963932,1.111235808234437,1.8495198262901187
Stephon Castle,0.5744434135322888,0.8606279164424367,-0.26922572950155077,0.2810642016040747,-0.35032462932207314,-0.047280538736921895,0.20891966286357155,0.24435878238722833
Steven Adams,-0.7214044422244077,-0.48364298878805867,0.6533742651615688,-0.8170281686587015,0.20314122853696218,0.8458129568263263,-1.683474925633103,-0.41405596404626205
Svi Mykhailiuk,0.18291858740813954,-0.08973145752563748,-0.420487032088885,0.08211570157999519,-0.35032462932207314,-0.19796220919026652,0.6378624362561511,-0.13829570795494667
T.J. McConnell,0.16634057646029274,1.334578337205475,-0.34841310175224044,1.2204406998624835,-0.2664661660100981,0.8162677024407127,-0.9504680886333984,0.37735050692520167
Taj Gibson,-0.9109812160664523,-0.7997920494776394,-0.03434793045289523,-0.7136782985163226,0.18077897165376877,-0.3400483409489785,-1.5124399969998386,-0.8250750529732416
Talen Horton-Tucker,-0.4171755386139207,-0.37082366672746236,-0.7164330588901913,-0.6232471621417409,-0.4090255536404556,-0.47830162203532534,0.1303504925226658,-0.4869279708840811
Tari Eason,0.36673508081661854,-0.4818432787651578,1.0847757003083467,2.775899669820472,1.272583278303797,0.5266083457190065,0.5317795309030919,0.64801575812516
Taurean Prince,-0.1627597362616699,-0.00941939775368759,0.03639173608411176,0.2651057657732662,-0.6150542880128178,0.34656759378219626,1.5633113072466192,-0.1476501339984528
Taylor Hendricks,-0.5903734367747592,-0.7233043735043538,0.5857294590355558,2.1801180654702876,2.19338209114117,-1.4998567311927609,-0.24678152511368226,-0.49304432637406603
Taze Moore,-0.8343141384097431,-0.812539995473187,0.1911347566338143,0.7332198834769826,-0.9373338725058984,-0.6038951457755903,-0.785541550308465,-0.9181310329280107
Terance Mann,-0.3912650803051237,-0.22647901875895773,-0.24611883251406136,0.20529757383077676,-0.2392688265575656,0.14664322888215445,0.6462981562902822,-0.3649314748946542
Terrence Shannon,-1.0538607698812286,-0.812539995473187,-1.3083251124928035,-1.0030579349149835,-0.7025301752323683,0.1603001928367081,-0.9651282253733925,-1.072263191275628
Terrence Shannon Jr. ,-0.9074963489002382,-0.812539995473187,-1.3872440529731518,-1.437127389512975,-0.9373338725058984,-1.062265670375098,0.11239182501617304,-1.0190508985127602
Terry Rozier,0.5466023551935134,0.47943661824948597,0.2511817765645142,-0.21040936564908605,-0.22271392428211104,0.05392634448443331,0.3239917769405008,0.30567192206808164
Thomas Bryant,-0.3521725163547162,-0.6078229803682166,0.09828894430399274,-0.4157874963412303,0.5819841686757672,0.5930451088138996,0.616079628962982,-0.11454985722912317
Tidjane Salaün,-0.574110723332427,-0.6043235442125761,0.14729090081139856,-0.2313789045185541,-0.4155478785647204,-0.6311936570184056,0.13873120402569564,-0.6479919987870146
Tidjane Salaün ,-0.5470062009285399,-0.48534271492079833,0.26420784967117383,-0.15099567218559284,-0.4155478785647204,-0.34191092593782757,0.4372441661336198,-0.6140122460648767
Tim Hardaway,0.19023680845718915,-0.2494324499457219,-0.5980546481696688,-0.6887317781371276,-0.9373338725058984,0.18045585121495974,0.8285091734474912,-0.07185943280511163
Tim Hardaway Jr.,0.5060758221530103,-0.20667708842163482,-0.3280687991579509,-0.1806105472556311,-0.5665911926003245,-0.07797528070878731,1.0231798255033535,0.2267541407630944
Tobias Harris,0.6527483787571186,0.1833295456989922,0.9882160554853321,0.4293712652583885,1.0350171845917546,0.35772954519220834,0.2694224136929457,0.6620905714644666
Torrey Craig,-0.265119167928114,-0.7827947881502425,-0.2911476574127587,-0.9548279955152068,-0.6764408755353094,-0.51874008831666,0.3614186811062057,-0.27897188422459723
Tosan Evbuomwan,0.19023680845718915,-0.18789064169135408,0.23497861245622986,0.009770792480329955,-0.024208383108836818,0.39311167528662694,0.4448267146363614,-0.018007383318578544
Toumani Camara,0.21658240423376737,0.0012888768825724132,0.948756585245158,1.6013587926729655,0.4714883111352823,0.3135792962627836,0.6716965658383838,0.32960548702889175
Trae Young,2.129565386455311,5.010084337993184,-0.1294734390676007,1.3210222699117626,-0.448159503186044,0.03904591006265166,0.6700084510927732,2.091880412580767
Trayce Jackson-Davis,-0.12740512643772606,0.024755946830120886,1.0055110573352808,-0.421220155347463,0.7612460652175111,1.2984790672133102,-1.683474925633103,0.2673357827319187
Tre Jones,-0.6304494091862208,0.9084327139257403,-0.56986931228383,-0.04190414259085933,-0.5180415559460232,0.7795980604727513,-0.31528101403130443,-0.2706711160596181
Tre Mann,0.7869532939950727,0.5259943340593121,-0.23381338441421512,-0.2684788579029979,-0.2148609578181134,0.17829652481790753,0.804767529189571,0.3458373535215439
Trendon Watford,-0.076663018037558,-0.35586357716209904,-0.18024849268547194,-0.4157874963412303,-0.24673476287786864,0.16163755624965764,-0.098886616236683,-0.3628019329990952
Trentyn Flowers,-0.6147675069382577,-1.0802468613796867,-0.5980546481696688,-1.437127389512975,-0.9373338725058984,-1.2676156653956772,-1.683474925633103,-0.9548291658679194
Trevelin Queen,-0.5797673193123687,-0.33532340842247,-0.7009923966222971,0.8275828083895894,-0.12062536025014149,-0.8585100076139949,0.06929102300059038,-0.62574264765678
Trey Alexander,-1.1453385329943475,-0.879466711949812,-1.2885953773727166,-1.3014806849511027,-0.7905815617099421,-1.7117767037325997,-1.234508237970784,-1.220890629682259
Trey Jemison,-0.9597693563934492,-0.7997920494776394,-0.2410403936157122,-0.6103284283739436,0.18077897165376877,-0.01456161414765232,-1.683474925633103,-0.9299268613729814
Trey Lyles,-0.3273934608658253,-0.5709508725819555,0.44136554352272345,-0.06080960664129459,0.1507808221763144,0.03424606261806508,0.4293404056917382,-0.23541149878372997
Trey Murphy,1.6846945805788796,0.21601796300968065,0.3988161789505203,0.8474486873185592,0.6692177404182551,0.4222758349804437,0.9774324830131298,1.329629609641409
Trey Murphy III,2.4771808862851628,1.161798140587249,0.8323511480366443,1.5471001108482167,1.1171984786374902,0.7868010258593154,1.19978914253431,2.6587901120587345
Tristan Da Silva,-0.024829279514878237,-0.16239474970025897,0.17502885041333505,-0.37410015376279177,-0.36230440979521245,-0.036713071336460866,0.5146659771616108,-0.1012231042707529
Tristan Thompson,-1.0313431666533839,-0.7095758162783794,-0.21863666509107108,-1.3536524943979769,-0.3051700721540866,-0.6425393069264415,-1.683474925633103,-0.9964674320882008
Tristan Vukcevic,-0.70125557388157,-0.6421810808054144,-0.7415436308612111,-1.2398230919684334,-0.7238759658935984,-0.3135382534656476,-0.8240710551405767,-0.808870682584191
Tristen Newton,-1.2002251908622188,-0.9910112394108535,-1.3214782692395284,-1.437127389512975,-0.9373338725058984,-2.2845870693071175,-1.683474925633103,-1.355450450461925
Ty Jerome,0.37841963543274826,0.7336037402725161,-0.4128367266341575,1.0875622953937103,-0.8894147506133412,0.874190769549286,0.7976066162434965,0.5402452806890832
TyTy Washington,-0.88310227873674,-0.3663618856290207,-1.2557124855059045,0.009770792480329955,-0.9373338725058984,-1.6734263698411078,-0.08635076205568001,-0.7376985459734586
TyTy Washington Jr.,-1.2734074013527141,-1.0802468613796867,-1.3872440529731518,-1.437127389512975,-0.9373338725058984,-2.8957477687731275,-1.683474925633103,-1.2942868955620768
Tyler Herro,2.200507325196097,1.8918456907251273,0.8112121461222652,0.15741346411230003,-0.6498191411505555,0.544762679869771,1.0903695469411785,1.9557446940855694
Tyler Kolek,-0.9963604616386967,-0.6595646435266157,-1.1758540338293617,-0.8945405712654857,-0.8534754091939234,-0.7741470549125505,-0.05872862108140801,-1.0197062223152586
Tyler Smith,-0.8709052436549907,-0.9463934284264369,-0.9186628438710838,-1.1658339803892304,-0.49707694011802944,0.49665248378782684,-0.20188485634745032,-0.9410673660154537
Tyrese Haliburton,1.3282948573093794,3.4871600753107996,0.030075694429021832,1.441904707310438,0.6439971499484881,0.20111574942716878,0.7018759233313353,1.8737356010872015
Tyrese Martin,-0.10249203350479148,-0.15114656205712862,0.167923303551359,-0.6072887263109326,-0.5920343176918836,-0.2507880640017579,0.41959067859782595,-0.28994534554486423
Tyrese Maxey,2.801511137322585,2.241751974641879,-0.03306677882172073,2.755588933308534,-0.03013776940362297,0.33834797261023336,0.7584140734088265,2.461433391447236
Tyus Jones,0.34245580627741895,2.035861057771971,-0.4323248731609374,0.4727782107181877,-0.6555694357776622,0.36726365210387785,1.1167841813193,0.6672283100760535
Ulrich Chomche,-1.151437050535222,-0.9017756174420203,-0.9926493505714103,-1.437127389512975,-0.9373338725058984,-0.451104970909088,-1.683474925633103,-1.1689016080173882
Vasilije Micić,-0.1797399223558697,0.8085738036272839,-0.43364018883560984,-0.5328160257671594,-0.9373338725058984,-0.44438220321496186,0.5242439331650738,-0.4813213116849284
Victor Wembanyama,2.300607529578445,0.8621843517093349,2.916591189501657,0.8846394606623282,8.181786463466084,0.5206689673209124,0.7597391421106794,2.498849194005948
Vince Williams,-0.49279715612076574,0.5259943340593121,0.05960318916656706,-1.437127389512975,0.6280241093176356,-0.3850996153667585,-0.8861100883448244,-0.9089564996930334
Vince Williams Jr.,-0.6879497174287528,-0.00941939775368759,0.1911347566338143,2.9035671564669405,-0.9373338725058984,0.03782358866372018,-1.683474925633103,-0.0648994420751288
Vit Krejci,-0.29237020126391405,0.2799934302533391,-0.34210132769286344,0.08798150502050878,0.1414939257778887,-0.07079783727380637,0.4065256766090006,-0.23351248531254812
Vlatko Čančar,-0.9440874541454858,-1.0802468613796867,-0.5980546481696688,-1.437127389512975,-0.35032462932207314,0.16066688925638808,0.11239182501617304,-1.0007018320428056
Walker Kessler,0.3622150031098529,-0.25035557706953737,3.3084329056075727,-0.18917770754374952,4.639253937740442,2.486438931074289,-1.5038882505681754,1.3002711032894823
Wendell Carter,-0.20006831415878507,0.09256417021069341,1.4312895356107165,0.009770792480329955,0.5162128249016691,0.4761131188522018,-0.030251305463969407,0.14829923500434183
Wendell Carter Jr.,0.27497410481460466,0.24419763310510179,1.4995277172290626,0.8474486873185592,-0.07226761939289275,0.33890064903223815,-0.14621298707732272,0.4546688611267393
Wendell Moore,-0.6203969077452187,-0.33890477117707196,-0.11239962982906378,-0.10152906767300106,-0.39547918649005964,0.35431080626411854,-0.3020389635951983,-0.39377117188277405
Wendell Moore Jr.,-1.1688613863662924,-0.6978084815132585,-1.2745027094297972,-0.8170281686587015,-0.9373338725058984,-2.0230102899356655,-0.6572653538335167,-1.1946776775823242
Xavier Tillman,-1.1050883172245751,-0.9196227418357868,-0.7164330588901913,-0.8945405712654857,-0.5851283265956032,-1.8260943125677171,-1.0847329509666341,-1.154833990390423
Xavier Tillman Sr.,-1.2246192610257172,-0.9910112394108535,-1.2557124855059045,-0.35195375301799625,-0.15465488159413138,-1.6734263698411078,-1.683474925633103,-1.257588762622168
Yongxi Cui,-1.18558874876412,-1.0802468613796867,-1.2294061720124552,-1.437127389512975,-0.9373338725058984,-2.650794560427151,-1.683474925633103,-1.3419944683839584
Yuki Kawamura,-1.0885260274819895,-0.6857314800437924,-1.2418670573514576,-1.3228985856713984,-0.9373338725058984,-1.7508829469102736,-1.0532202154578727,-1.1291452973324867
Yves Missi,0.007281282230951253,-0.321744074644604,1.7777342892074839,-0.2163070484561239,2.4379692758010973,1.0613649700944205,-1.683474925633103,0.488248457550373
Zaccharie Risacher,0.36587411363437744,-0.44964846613326503,-0.01931575131378114,0.25092048947921425,0.1584167147705755,0.10659953937696172,0.15772748343256357,0.031738974666631246
Zach Collins,-0.5944391151353422,-0.30687147098313183,-0.28018669345715486,-0.5931034500168805,0.04101486613381047,0.42163250792837403,0.24548550531429142,-0.515470963170677
Zach Edey,0.17045783264894723,-0.5448331295666872,1.6841957927485123,-0.029334563789759214,1.854926311287433,1.5567396232609203,-0.12388599504222365,0.4791255827232505
Zach LaVine,2.1927682046061934,1.268272462254607,0.4691446605986775,0.5359155859324409,-0.35032462932207314,0.7038776309544952,1.304684086833597,1.8663398038875767
Zeke Nnaji,-0.999564291130216,-1.0111612185651062,-0.9799204892036122,-1.2270937824494308,-0.1041594628256302,-0.22667099017615056,-1.5096813691186568,-1.066995233482641
Ziaire Williams,0.10164781681080036,-0.31939576880331894,0.5026568901088735,0.7332198834769826,0.0513132739089652,-0.2175129183026579,0.35020239052320357,0.01622274652888027
Zion Williamson,2.1320047934716606,1.561127548897778,1.7169009392538812,1.167289338074974,1.7237746965941096,0.8284210694929506,-1.2045771254599626,2.0819413349095415
Zyon Pullin,-1.2734074013527141,-1.0802468613796867,-1.3872440529731518,-1.437127389512975,-0.9373338725058984,-2.8957477687731275,-1.683474925633103,-1.2942868955620768
